TimeStamp,VRCameraXRot,VRCameraYRot,VRCameraZRot,VRCameraWRot,VRCameraPitch,VRCameraYaw,VRCameraRoll,RightHandXRot,RightHandYRot,RightHandZRot,RightHandWRot,RightHandPitch,RightHandYaw,RightHandRoll
26.02.2024 10:34:49,-0.0135411,0.9992088,0.01476741,-0.03435685,6.637787,-3.961578,6.609467,-0.003769137,0.9943907,0.03774516,-0.09873304,9.262299,-11.37259,5.858948
26.02.2024 10:34:49,-0.0135411,0.9992088,0.01476741,-0.03435685,6.637787,-3.961578,6.609467,-0.003769137,0.9943907,0.03774516,-0.09873304,9.262299,-11.37259,5.858948
26.02.2024 10:34:49,-0.01358675,0.9991619,0.01426996,-0.03588,6.578186,-4.135468,6.615112,-0.003769137,0.9943907,0.03774516,-0.09873304,9.262299,-11.37259,5.858948
26.02.2024 10:34:49,-0.0002832172,0.9994066,0.005470912,-0.034006,5.625458,-3.897903,5.053772,0.02549029,0.9946365,0.09934596,-0.01337714,16.43805,-1.259613,-2.809927
26.02.2024 10:34:49,-0.001199885,0.9994152,0.005834899,-0.03367402,5.663635,-3.860489,5.159943,0.02685049,0.9944907,0.1004722,-0.01314478,16.56873,-1.213577,-2.970192
26.02.2024 10:34:49,-0.001179048,0.9994137,0.005807142,-0.03372297,5.660522,-3.866074,5.157471,0.02687804,0.9944816,0.1005537,-0.0131518,16.57816,-1.213852,-2.973265
26.02.2024 10:34:49,-0.001243296,0.999415,0.005791345,-0.03368256,5.658478,-3.861481,5.164764,0.02686319,0.9944817,0.1005555,-0.01316386,16.5784,-1.215424,-2.971392
26.02.2024 10:34:50,-0.001324608,0.9994121,0.005846899,-0.03375657,5.66449,-3.870026,5.174316,0.02677998,0.9944824,0.1005765,-0.01311555,16.58057,-1.210724,-2.962261
26.02.2024 10:34:50,-0.001273476,0.9994195,0.005766589,-0.03355383,5.655548,-3.846725,5.16803,0.02693724,0.9944738,0.100611,-0.01318306,16.58493,-1.216629,-2.979751
26.02.2024 10:34:50,-0.001231095,0.9994252,0.005823829,-0.03337542,5.662292,-3.826263,5.163269,0.02697529,0.9944736,0.1005978,-0.01321789,16.58356,-1.220261,-2.983779
26.02.2024 10:34:50,-0.001251035,0.9994283,0.005912972,-0.03326543,5.672424,-3.81369,5.165833,0.02695199,0.9944731,0.1006252,-0.01309788,16.58633,-1.206512,-2.982464
26.02.2024 10:34:50,-0.00116063,0.9994336,0.006032722,-0.03308538,5.686523,-3.792999,5.155792,0.0268867,0.9944763,0.1006368,-0.01290082,16.58701,-1.184326,-2.977181
26.02.2024 10:34:50,-0.001190055,0.9994406,0.006045648,-0.03287398,5.687927,-3.768784,5.159088,0.02692091,0.9944829,0.1005673,-0.01285871,16.57892,-1.179214,-2.981701
26.02.2024 10:34:50,-0.001173276,0.9994422,0.006186866,-0.03279884,5.704163,-3.760193,5.157623,0.0268917,0.9944895,0.1005058,-0.0128874,16.57187,-1.18306,-2.978
26.02.2024 10:34:50,-0.001229181,0.9994443,0.006286409,-0.03271236,5.715393,-3.75032,5.164368,0.02688077,0.9944814,0.1005838,-0.0129247,16.58096,-1.187317,-2.97624
26.02.2024 10:34:50,-0.001369378,0.999446,0.006242613,-0.03266276,5.709839,-3.744736,5.180206,0.02703241,0.9944798,0.1005525,-0.01297496,16.5777,-1.191452,-2.99332
26.02.2024 10:34:50,-0.001316825,0.9994467,0.006237978,-0.03264445,5.709503,-3.742599,5.174164,0.02703227,0.9944882,0.1004782,-0.01290881,16.56894,-1.183975,-2.994128
26.02.2024 10:34:50,-0.001482232,0.9994422,0.006217414,-0.03278096,5.706512,-3.758362,5.193115,0.0269579,0.9944765,0.1005974,-0.01304076,16.58298,-1.19986,-2.983843
26.02.2024 10:34:50,-0.001542472,0.9994384,0.006148697,-0.03290516,5.698395,-3.772614,5.19986,0.02695811,0.9944789,0.1005775,-0.01300549,16.58057,-1.195816,-2.984295
26.02.2024 10:34:50,-0.001509118,0.9994287,0.006299109,-0.03316974,5.715698,-3.802979,5.196777,0.02686592,0.9944835,0.1005439,-0.01310754,16.5769,-1.208862,-2.972381
26.02.2024 10:34:50,-0.001441984,0.9994217,0.006404235,-0.0333654,5.727966,-3.825394,5.189636,0.02702663,0.9944724,0.1006024,-0.01317217,16.58401,-1.214325,-2.990291
26.02.2024 10:34:50,-0.001225767,0.9994202,0.006422106,-0.03341462,5.730804,-3.830887,5.164978,0.02708004,0.9944741,0.1005811,-0.01309532,16.58139,-1.204803,-2.997428
26.02.2024 10:34:50,-0.001051622,0.9994159,0.006457188,-0.03354095,5.735474,-3.845245,5.145264,0.02701419,0.9944726,0.1006414,-0.01288193,16.58762,-1.180588,-2.992242
26.02.2024 10:34:50,-0.001210839,0.9994133,0.006506715,-0.03360571,5.74054,-3.852798,5.163727,0.0270138,0.9944637,0.100738,-0.0128081,16.59851,-1.171738,-2.993011
26.02.2024 10:34:50,-0.001728619,0.9994074,0.006616731,-0.03373787,5.751099,-3.868362,5.223572,0.02711262,0.9944628,0.1007131,-0.01287134,16.59595,-1.177994,-3.003784
26.02.2024 10:34:50,-0.002241404,0.9993984,0.006746755,-0.03394748,5.763947,-3.892822,5.282959,0.02723461,0.9944621,0.1006573,-0.01309942,16.59036,-1.203247,-3.015327
26.02.2024 10:34:50,-0.002167927,0.9994,0.006832679,-0.03388846,5.774109,-3.886032,5.274841,0.02709532,0.9944825,0.100488,-0.01314161,16.57083,-1.210281,-2.99872
26.02.2024 10:34:50,-0.002090314,0.9994024,0.006679146,-0.03385188,5.756836,-3.881729,5.26532,0.0270366,0.9944966,0.1003551,-0.01320925,16.55566,-1.219223,-2.991171
26.02.2024 10:34:50,-0.00193534,0.9994051,0.006493775,-0.0338153,5.736206,-3.87735,5.246826,0.02728501,0.9944897,0.100363,-0.0131589,16.55673,-1.210419,-3.020675
26.02.2024 10:34:50,-0.001914997,0.9994065,0.006480083,-0.03378141,5.734741,-3.873444,5.244415,0.02729729,0.9944986,0.1002802,-0.01309085,16.547,-1.202591,-3.022956
26.02.2024 10:34:50,-0.002060391,0.9994025,0.006329181,-0.03391653,5.716858,-3.889008,5.26059,0.02723086,0.9945076,0.1002315,-0.01292122,16.5408,-1.183777,-3.017246
26.02.2024 10:34:50,-0.002136544,0.9993993,0.006242901,-0.03402259,5.706635,-3.901199,5.269043,0.02715908,0.994509,0.10024,-0.0128942,16.54163,-1.181458,-3.009203
26.02.2024 10:34:50,-0.002086106,0.9994028,0.006204199,-0.03393216,5.702423,-3.890778,5.263062,0.02726593,0.994486,0.1004412,-0.01287532,16.56485,-1.177429,-3.021745
26.02.2024 10:34:50,-0.001739683,0.9994027,0.006145666,-0.03396402,5.697052,-3.894165,5.223175,0.02720926,0.994469,0.100649,-0.01267936,16.5881,-1.154709,-3.017338
26.02.2024 10:34:50,-0.001676345,0.9994062,0.00606023,-0.03387757,5.687561,-3.884201,5.215515,0.02706361,0.9944648,0.1007547,-0.01248947,16.59955,-1.134033,-3.002563
26.02.2024 10:34:50,-0.001654243,0.9994079,0.005940497,-0.03385011,5.67392,-3.880997,5.212494,0.02695837,0.9944659,0.1007638,-0.01255423,16.60065,-1.142776,-2.989542
26.02.2024 10:34:50,-0.001649862,0.9994085,0.005865959,-0.03384515,5.665405,-3.880417,5.2117,0.02684679,0.9944733,0.1007016,-0.01269827,16.59381,-1.161041,-2.974887
26.02.2024 10:34:50,-0.001683441,0.9994078,0.00597539,-0.03384698,5.677795,-3.880676,5.215973,0.02677694,0.9944845,0.1005676,-0.01303471,16.57928,-1.201385,-2.962866
26.02.2024 10:34:50,-0.001712985,0.9994074,0.006058586,-0.03384369,5.687225,-3.880325,5.219696,0.0267851,0.9944909,0.1004798,-0.01319747,16.56967,-1.220459,-2.961955
26.02.2024 10:34:50,-0.00182362,0.9994084,0.006105345,-0.03379693,5.692169,-3.875061,5.232513,0.0267837,0.9944884,0.1005092,-0.01316884,16.57297,-1.217072,-2.96211
26.02.2024 10:34:50,-0.002140318,0.9994015,0.006134328,-0.03397768,5.694214,-3.896011,5.269012,0.02673108,0.9944739,0.1006459,-0.01332756,16.58911,-1.235779,-2.954024
26.02.2024 10:34:50,-0.002269436,0.9993949,0.006102935,-0.03416827,5.690063,-3.917953,5.283813,0.02685357,0.9944704,0.1006107,-0.01360322,16.58603,-1.266495,-2.965055
26.02.2024 10:34:50,-0.002273006,0.9993842,0.006232942,-0.03445725,5.704834,-3.951141,5.284943,0.02708041,0.9944766,0.1004374,-0.01397505,16.5675,-1.307571,-2.987202
26.02.2024 10:34:50,-0.002096257,0.999381,0.006408557,-0.03452808,5.725647,-3.959183,5.265442,0.0269673,0.9944875,0.1003414,-0.01411245,16.5567,-1.325165,-2.972489
26.02.2024 10:34:50,-0.001693399,0.9993714,0.006640987,-0.03478392,5.753784,-3.988297,5.220428,0.02664008,0.9944898,0.1003894,-0.01422182,16.56213,-1.341599,-2.933076
26.02.2024 10:34:50,-0.001511312,0.9993631,0.006722311,-0.03501443,5.763794,-4.014603,5.200073,0.02687477,0.9944606,0.1006399,-0.01405594,16.59079,-1.318848,-2.96216
26.02.2024 10:34:50,-0.001488974,0.9993577,0.006794649,-0.03515525,5.772125,-4.030746,5.197906,0.02697436,0.9944548,0.100685,-0.01394989,16.59579,-1.305206,-2.974973
26.02.2024 10:34:50,-0.001510038,0.9993533,0.007011269,-0.03523491,5.796844,-4.039948,5.201263,0.0268728,0.9944533,0.1007069,-0.01409978,16.59863,-1.323776,-2.961363
26.02.2024 10:34:50,-0.001590225,0.9993505,0.007016051,-0.03530937,5.797058,-4.048553,5.21051,0.02674726,0.9944608,0.1006519,-0.01419993,16.59241,-1.337067,-2.945609
26.02.2024 10:34:50,-0.001547291,0.9993591,0.00690498,-0.03508985,5.784546,-4.023331,5.204987,0.02664923,0.9944573,0.1006867,-0.01437881,16.59683,-1.358948,-2.932057
26.02.2024 10:34:50,-0.001584966,0.9993625,0.006820234,-0.0350088,5.774719,-4.014038,5.208893,0.02697705,0.9944412,0.1007368,-0.01453344,16.60352,-1.372925,-2.968354
26.02.2024 10:34:50,-0.00163593,0.9993615,0.006713686,-0.03505694,5.762299,-4.019577,5.214325,0.02701524,0.994439,0.1007401,-0.01458496,16.6041,-1.378464,-2.97219
26.02.2024 10:34:50,-0.001798745,0.999366,0.006610175,-0.03493892,5.749817,-4.006134,5.232483,0.02686759,0.9944366,0.1007849,-0.01471155,16.60941,-1.394806,-2.953468
26.02.2024 10:34:50,-0.001729748,0.9993618,0.006572035,-0.03506911,5.745697,-4.020996,5.224518,0.02681792,0.9944448,0.1006984,-0.01483723,16.59976,-1.410263,-2.946272
26.02.2024 10:34:50,-0.001750079,0.9993638,0.006477591,-0.03503015,5.734802,-4.016525,5.22644,0.02687223,0.9944474,0.1006597,-0.01482948,16.59537,-1.408829,-2.952718
26.02.2024 10:34:50,-0.00154398,0.9993697,0.006299676,-0.03490137,5.715271,-4.001556,5.202026,0.02680313,0.9944537,0.1006497,-0.01459781,16.59341,-1.382706,-2.947418
26.02.2024 10:34:50,-0.001576613,0.9993682,0.006252702,-0.03495268,5.709747,-4.007462,5.205627,0.02669509,0.9944535,0.1006866,-0.01455442,16.59741,-1.378845,-2.935323
26.02.2024 10:34:50,-0.001566257,0.999368,0.006014703,-0.03500261,5.682526,-4.013107,5.203491,0.02665368,0.9944671,0.1005847,-0.01440642,16.58517,-1.362381,-2.932331
26.02.2024 10:34:50,-0.001745287,0.9993617,0.005792017,-0.03520941,5.65625,-4.03688,5.223267,0.02655503,0.9944819,0.1004144,-0.01475379,16.56644,-1.404434,-2.916892
26.02.2024 10:34:50,-0.00177418,0.9993486,0.005571961,-0.03561236,5.630859,-4.083054,5.225922,0.02637331,0.9944644,0.1005207,-0.01551351,16.58063,-1.49469,-2.886692
26.02.2024 10:34:50,-0.001654801,0.9993237,0.005567784,-0.03631174,5.630707,-4.163177,5.212677,0.02611588,0.9944482,0.1005331,-0.01684521,16.58548,-1.652634,-2.841007
26.02.2024 10:34:51,-0.001615443,0.9992814,0.005913061,-0.03740565,5.670197,-4.288681,5.210358,0.02517453,0.9944379,0.1005762,-0.01854555,16.59354,-1.861496,-2.71131
26.02.2024 10:34:51,-0.001915026,0.9992273,0.006065586,-0.03878543,5.686035,-4.447159,5.246246,0.02482949,0.9943486,0.1011223,-0.0207073,16.66156,-2.115906,-2.644729
26.02.2024 10:34:51,-0.001984916,0.9991438,0.00619468,-0.04085905,5.699982,-4.685059,5.256287,0.025139,0.9942245,0.1018129,-0.02279783,16.74731,-2.354004,-2.654631
26.02.2024 10:34:51,-0.001772954,0.9990278,0.006151094,-0.04361735,5.695343,-5.001297,5.233734,0.02591428,0.994318,0.1000164,-0.0256297,16.55011,-2.678452,-2.714914
26.02.2024 10:34:51,-0.002423549,0.9988237,0.005646356,-0.04809887,5.632904,-5.515656,5.308533,0.02510212,0.9944654,0.09762437,-0.02963049,16.28302,-3.158401,-2.579813
26.02.2024 10:34:51,-0.003499721,0.9984679,0.00429835,-0.05505563,5.469727,-6.31395,5.427551,0.02540859,0.9943774,0.09677152,-0.03469035,16.19904,-3.745026,-2.560135
26.02.2024 10:34:51,-0.003764887,0.9979959,0.002898914,-0.06310124,5.304291,-7.236954,5.451538,0.02513969,0.9940454,0.0973042,-0.04211484,16.27786,-4.610855,-2.441929
26.02.2024 10:34:51,-0.003720628,0.99739,0.001864034,-0.07208266,5.182312,-8.268005,5.440643,0.0246095,0.9936693,0.09763335,-0.0498334,16.33139,-5.514847,-2.289888
26.02.2024 10:34:51,-0.004178695,0.9966316,0.0001561676,-0.0819021,-0.02138306,-9.395813,5.478699,0.02491508,0.9931248,0.09778972,-0.05932529,16.37274,-6.616562,-2.214662
26.02.2024 10:34:51,-0.005740546,0.9957508,-0.0009434466,-0.09190484,-0.1681085,-10.54562,5.645111,0.02619534,0.992591,0.09639073,-0.06917987,16.24341,-7.751282,-2.25933
26.02.2024 10:34:51,-0.007135451,0.9947467,-0.001476147,-0.1021073,-0.2517555,-11.71964,5.796143,0.02584851,0.9919763,0.09491944,-0.07940563,16.09409,-8.947906,-2.114548
26.02.2024 10:34:51,-0.007429287,0.9936358,-0.002230703,-0.1123737,-0.3496627,-12.90224,5.81723,0.02601427,0.9912271,0.09416407,-0.08902372,16.02911,-10.0679,-2.032214
26.02.2024 10:34:51,-0.008062001,0.9923618,-0.002918718,-0.1230633,-0.4456007,-14.13498,5.875671,0.02715903,0.9902546,0.09426405,-0.09885658,16.07306,-11.20284,-2.052676
26.02.2024 10:34:51,-0.00879927,0.9910827,-0.003531944,-0.1329108,-0.5351465,-15.27193,5.945618,0.02733748,0.9892502,0.09395536,-0.1086699,16.05972,-12.34735,-1.965865
26.02.2024 10:34:51,-0.008941347,0.9898369,-0.004310478,-0.1418604,-0.634288,-16.30661,5.944214,0.02825555,0.9882498,0.09378079,-0.1173418,16.06888,-13.35136,-1.975933
26.02.2024 10:34:51,-0.008763148,0.988653,-0.005136337,-0.1498734,-0.7324224,-17.2343,5.904694,0.02915788,0.9874032,0.09411178,-0.1238058,16.13214,-14.09837,-2.002054
26.02.2024 10:34:51,-0.008610247,0.9876325,-0.005429188,-0.156456,-0.768837,-17.99756,5.877228,0.0302733,0.9866201,0.09437735,-0.1294499,16.19022,-14.74759,-2.062312
26.02.2024 10:34:51,-0.008428879,0.9867362,-0.005904163,-0.162006,-0.8240999,-18.64163,5.843567,0.03049642,0.9863628,0.09494373,-0.1309359,16.26132,-14.91978,-2.062573
26.02.2024 10:34:51,-0.008427482,0.9859806,-0.006440818,-0.1665225,-0.8885655,-19.16603,5.829407,0.03059374,0.9863452,0.09468891,-0.1312297,16.23428,-14.95294,-2.074188
26.02.2024 10:34:51,-0.007337387,0.9853537,-0.006808597,-0.1702292,-0.9119483,-19.59775,5.69577,0.03228765,0.9860665,0.09506433,-0.1326393,16.30576,-15.09964,-2.247604
26.02.2024 10:34:51,-0.005133257,0.985141,-0.006425127,-0.1715508,-0.8262648,-19.75339,5.453247,0.0345502,0.9860074,0.09508723,-0.1324921,16.34222,-15.05696,-2.509909
26.02.2024 10:34:51,-0.002819632,0.9852122,-0.006169871,-0.1712046,-0.7518988,-19.71489,5.197296,0.03444441,0.9860743,0.09632484,-0.1311209,16.47845,-14.89783,-2.495442
26.02.2024 10:34:51,-0.0008930303,0.9855478,-0.006067093,-0.1692866,-0.7025313,-19.49316,-0.01684089,0.03651684,0.9862549,0.09720858,-0.1285233,16.60312,-14.56952,-2.752637
26.02.2024 10:34:51,0.0006510058,0.9861851,-0.005794385,-0.1655448,-0.6424785,-19.05911,-0.1835007,0.03702221,0.986419,0.09837309,-0.1262129,16.737,-14.29269,-2.822177
26.02.2024 10:34:51,0.001840359,0.9870327,-0.005529733,-0.160414,-0.5916247,-18.46378,-0.309821,0.03732715,0.9867962,0.09854783,-0.1229976,16.75198,-13.91191,-2.89378
26.02.2024 10:34:51,0.002599475,0.9880651,-0.00593537,-0.1539011,-0.6261945,-17.70868,-0.3990245,0.03681107,0.9874089,0.09742919,-0.1190645,16.60544,-13.45699,-2.89624
26.02.2024 10:34:51,0.00281967,0.9891719,-0.006750528,-0.1465792,-0.7178349,-16.86064,-0.4330367,0.03681866,0.9879382,0.09688613,-0.1150468,16.53149,-12.98639,-2.951791
26.02.2024 10:34:51,0.003057704,0.9900031,-0.007170559,-0.14083,-0.7641489,-16.19533,-0.4626484,0.0365975,0.9884542,0.09697868,-0.1105177,16.5257,-12.45866,-2.978543
26.02.2024 10:34:51,0.003304224,0.9908403,-0.007596963,-0.1347849,-0.8115665,-15.49638,-0.4925601,0.03550176,0.9889953,0.09773286,-0.1052444,16.58301,-11.85387,-2.905146
26.02.2024 10:34:51,0.003473822,0.9917238,-0.008248511,-0.1280778,-0.8864383,-14.72163,-0.5159052,0.03511815,0.9895312,0.09824878,-0.09970975,16.6214,-11.21065,-2.920646
26.02.2024 10:34:51,0.003315656,0.9925916,-0.009246693,-0.1211016,-1.005783,-13.91647,-0.5055341,0.03460163,0.9901605,0.09877673,-0.0928884,16.65616,-10.41884,-2.936453
26.02.2024 10:34:52,0.003084391,0.9934745,-0.009932544,-0.1135792,-1.09068,-13.04865,-0.4805057,0.03335654,0.9907656,0.09906378,-0.0863561,16.65738,-9.669998,-2.867087
26.02.2024 10:34:52,0.002491732,0.9943433,-0.009969371,-0.1057163,-1.105827,-12.14142,-0.4047659,0.03264579,0.9912906,0.09939556,-0.07998597,16.67044,-8.934174,-2.857552
26.02.2024 10:34:52,0.001811281,0.995144,-0.01015554,-0.09788789,-1.137846,-11.23889,-0.3205305,0.03171377,0.9918708,0.09907688,-0.07328334,16.60663,-8.163269,-2.831604
26.02.2024 10:34:52,0.001366375,0.9958764,-0.01069177,-0.09007793,-1.20612,-10.33958,-0.2663516,0.0292559,0.992488,0.09918424,-0.06537688,16.57813,-7.269867,-2.638853
26.02.2024 10:34:52,0.001271811,0.9965986,-0.01130209,-0.08162084,-1.27893,-9.366882,-0.2510156,0.02763459,0.9930691,0.09997204,-0.05527954,16.63132,-6.110916,-2.564973
26.02.2024 10:34:52,0.001462399,0.9973096,-0.01168681,-0.07235318,-1.3236,-8.301941,-0.2640952,0.02647933,0.9935204,0.1005962,-0.04578654,16.67227,-5.017548,-2.540187
26.02.2024 10:34:52,0.002037006,0.9979562,-0.01193662,-0.06274398,-1.35052,-7.198944,-0.3188603,0.02436131,0.9939557,0.1005318,-0.03677164,16.63287,-3.992783,-2.401123
26.02.2024 10:34:52,0.002521893,0.9985555,-0.01242747,-0.05221266,-1.407078,-5.990799,-0.3630373,0.02212136,0.9943715,0.1000571,-0.02691947,16.54742,-2.873077,-2.258284
26.02.2024 10:34:52,0.002572845,0.9990288,-0.01321066,-0.04195734,-1.500161,-4.814499,-0.3581814,0.02024029,0.9946961,0.09958936,-0.01587764,16.46475,-1.61116,-2.169667
26.02.2024 10:34:52,0.002271996,0.9994059,-0.01393614,-0.03144306,-1.588033,-3.608368,-0.310531,0.01969807,0.9948184,0.0996861,-0.003313843,16.44748,-0.1558533,-2.253072
26.02.2024 10:34:52,0.001716438,0.9996701,-0.01468477,-0.0210032,-1.678304,-2.410629,-0.2320677,0.01957348,0.9947705,0.09984706,0.00890165,16.43765,1.26387,-2.381031
26.02.2024 10:34:52,0.001904756,0.9998324,-0.01548432,-0.009587127,-1.772265,-1.102402,-0.2353568,0.01863972,0.9945889,0.09993056,0.02143281,16.41888,2.710831,-2.418401
26.02.2024 10:34:52,0.002488828,0.9998633,-0.0163309,0.0007355455,-1.87167,0.07966614,-0.2839359,0.01848142,0.9942817,0.09991892,0.03284307,16.38971,4.036392,-2.532433
26.02.2024 10:34:52,0.002790661,0.9997824,-0.01691259,0.0118859,-1.941791,1.357224,-0.2968531,0.01817256,0.9938323,0.09962369,0.04519179,16.3251,5.468735,-2.637764
26.02.2024 10:34:52,0.002942836,0.9995808,-0.01740941,0.02294558,-2.00228,2.624924,-0.2914863,0.01732962,0.9933397,0.09909771,0.05617589,16.24054,6.735611,-2.662535
26.02.2024 10:34:52,0.00317467,0.9992614,-0.01787397,0.03386755,-2.059458,3.877029,-0.2943453,0.01551037,0.9927907,0.09847502,0.06654973,16.15512,7.920441,-2.564815
26.02.2024 10:34:52,0.00305914,0.9988377,-0.01776101,0.04470489,-2.049005,5.120712,-0.2593247,0.01345181,0.9919748,0.09863411,0.07795143,16.16223,9.226547,-2.457375
26.02.2024 10:34:52,0.002712492,0.9983161,-0.01730678,0.0553004,-1.997465,6.337677,-0.2007553,0.01180842,0.9910485,0.09912379,0.08864588,16.20847,10.45758,-2.39429
26.02.2024 10:34:52,0.002673659,0.9976799,-0.01668046,0.06595113,-1.927575,7.560989,-0.1797083,0.01022438,0.9900769,0.09979293,0.09841026,16.27936,11.58295,-2.331018
26.02.2024 10:34:52,0.002865867,0.9968649,-0.01588397,0.07745936,-1.840217,8.883255,-0.1864819,0.007653706,0.9890247,0.09988998,0.1085988,16.29877,12.74536,-2.152724
26.02.2024 10:34:52,0.002873874,0.9959704,-0.01498929,0.0883752,-1.740096,10.13878,-0.1762789,0.00526044,0.9878864,0.1002557,0.118329,16.35208,13.85893,-1.994329
26.02.2024 10:34:52,0.00282655,0.9949491,-0.01396404,0.09936471,-1.62448,11.40402,-0.1633291,0.004005152,0.9864354,0.1020598,0.1285029,16.55576,15.04628,-1.996461
26.02.2024 10:34:52,0.002634702,0.9938127,-0.01307293,0.1102654,-1.522249,12.66057,-0.1349116,0.00245071,0.9847156,0.1036736,0.1399321,16.74124,16.3793,-1.980779
26.02.2024 10:34:52,0.003174455,0.9924994,-0.01213125,0.1216051,-1.424095,13.9682,-0.1920489,0.0002008141,0.9830467,0.1045054,0.1506584,16.85333,17.62015,-1.866955
26.02.2024 10:34:52,0.005036426,0.9908922,-0.01115409,0.1341,-1.34404,15.40962,-0.4005871,-0.001008934,0.981289,0.1050253,0.1613713,16.91415,18.87228,-1.869245
26.02.2024 10:34:52,0.006952078,0.9891102,-0.009698767,0.1466924,-1.216248,16.86516,-0.6250939,-0.002276012,0.9793992,0.1050299,0.1724553,16.91833,20.16708,-1.860582
26.02.2024 10:34:52,0.008570409,0.987087,-0.008092842,0.1597511,-1.07235,18.37849,-0.8214381,-0.003187395,0.9772483,0.1049906,0.1842622,16.91022,21.55409,-1.901198
26.02.2024 10:34:52,0.00996164,0.9848258,-0.006800457,0.1731264,-0.9651231,19.93242,-0.9894747,-0.004495921,0.9748582,0.1054856,0.1962245,16.97186,22.9619,-1.911598
26.02.2024 10:34:52,0.01135981,0.9823581,-0.005858998,0.1865725,-0.9024531,21.49834,-1.153731,-0.004653641,0.9722763,0.1068004,0.2079687,17.09976,24.36687,-2.073225
26.02.2024 10:34:52,0.01299959,0.9795341,-0.004767277,0.2008013,-0.8342612,23.16006,-1.349728,-0.004986268,0.9694979,0.1084588,0.2197402,17.26846,25.78059,-2.228518
26.02.2024 10:34:52,0.01498238,0.9765903,-0.002908151,0.2145659,-0.6938437,24.77333,-1.605487,-0.005352044,0.9669369,0.1096944,0.2301558,17.392,27.03322,-2.355576
26.02.2024 10:34:52,0.0168701,0.9734342,-0.0009237821,0.2283431,-0.54448,26.39409,-1.858053,-0.005588599,0.9642309,0.1102494,0.2409827,17.43344,28.33493,-2.48606
26.02.2024 10:34:52,0.01862506,0.9702064,0.000243346,0.2415631,-0.4885132,27.95372,-2.077953,-0.007885334,0.9613175,0.1106698,0.2521086,17.51843,29.65189,-2.385952
26.02.2024 10:34:52,0.02047067,0.9668774,0.0002834019,0.2544191,-0.5654173,29.47342,-2.27704,-0.01011432,0.9582307,0.1115278,0.2631602,17.65396,30.96931,-2.309321
26.02.2024 10:34:52,0.02273373,0.9632163,0.000614889,0.2677633,-0.629692,31.05676,-2.529109,-0.0106756,0.9548092,0.1126418,0.2748405,17.76608,32.38985,-2.440586
26.02.2024 10:34:52,0.02511444,0.9594553,0.001328572,0.280737,-0.6618778,32.60278,-2.805266,-0.0121716,0.9510645,0.1138049,0.2870135,17.91226,33.86633,-2.479922
26.02.2024 10:34:52,0.02728384,0.9556182,0.002039768,0.2933348,-0.6937613,34.11006,-3.057978,-0.01412559,0.9471668,0.1149935,0.2990853,18.07849,35.33244,-2.472871
26.02.2024 10:34:52,0.02852289,0.9517162,0.002787571,0.3056386,-0.6949829,35.58882,-3.210214,-0.01605075,0.9434652,0.1164774,0.3099176,18.28137,36.65691,-2.468027
26.02.2024 10:34:52,0.02901355,0.9478322,0.003633418,0.3174258,-0.660724,37.01208,-3.285447,-0.01689573,0.9399111,0.1181073,0.3198943,18.46378,37.89629,-2.581507
26.02.2024 10:34:52,0.02973497,0.9432285,0.00525918,0.3307692,-0.5586199,38.63261,-3.415459,-0.01617206,0.9357993,0.1194592,0.3312818,18.55005,39.33136,-2.882121
26.02.2024 10:34:52,0.03073984,0.9396682,0.0069059,0.3406335,-0.4562813,39.8373,-3.582015,-0.01513847,0.9327707,0.119591,0.3397171,18.49658,40.39336,-3.125221
26.02.2024 10:34:52,0.03171633,0.9354125,0.008718766,0.3520249,-0.3448419,41.23447,-3.754146,-0.0167176,0.9292688,0.1171086,0.3499509,18.25888,41.61992,-2.997249
26.02.2024 10:34:52,0.03194166,0.9316225,0.01034185,0.3618734,-0.2204906,42.44829,-3.841724,-0.01979527,0.9262761,0.1139314,0.3586648,18.01837,42.63643,-2.650482
26.02.2024 10:34:52,0.03185336,0.9279805,0.01169575,0.3710807,-0.1107803,43.58719,-3.88757,-0.01968862,0.923085,0.1139202,0.3668087,17.98877,43.65933,-2.777946
26.02.2024 10:34:52,0.03183568,0.9242433,0.01234635,0.3802742,-0.07967034,44.7261,-3.912783,-0.02043609,0.9198302,0.1143896,0.3747129,18.04718,44.65311,-2.831939
26.02.2024 10:34:53,0.03185755,0.9207441,0.01252327,0.3886626,-0.09753013,45.76762,-3.922096,-0.0223944,0.9169717,0.11464,0.3814695,18.13986,45.49016,-2.730639
26.02.2024 10:34:53,0.03140496,0.917442,0.01230997,0.3964372,-0.1325153,46.73497,-3.863798,-0.02536399,0.9142697,0.1141033,0.3878762,18.19812,46.26489,-2.48054
26.02.2024 10:34:53,0.0312317,0.9142305,0.01247696,0.4037966,-0.1380186,47.65546,-3.852171,-0.02574888,0.9117886,0.1138298,0.3937275,18.17072,47.00127,-2.512295
26.02.2024 10:34:53,0.03125766,0.9110014,0.01306476,0.4110094,-0.108309,48.56252,-3.881385,-0.02816093,0.909896,0.111703,0.3985206,18.04532,47.55956,-2.222825
26.02.2024 10:34:53,0.03109139,0.9076298,0.01381913,0.4183904,-0.05336353,49.49478,-3.899269,-0.03313259,0.908269,0.1080018,0.4028464,17.87848,48.01564,-1.577093
26.02.2024 10:34:53,0.02957426,0.9046676,0.01485384,0.4248309,5.100128,50.31271,-3.791771,-0.03556592,0.9065322,0.1046953,0.4073983,17.63846,48.534,-1.222735
26.02.2024 10:34:53,0.02715921,0.9019368,0.01619289,0.430709,5.33316,51.06297,-3.608678,-0.03762439,0.9043289,0.1025468,0.4126232,17.50479,49.15871,-0.9729003
26.02.2024 10:34:53,0.0244944,0.8994377,0.01697664,0.4360317,5.525879,51.74208,-3.374928,-0.03955811,0.9019228,0.1010082,0.4180525,17.43182,49.82033,-0.7684289
26.02.2024 10:34:53,0.02215024,0.8970682,0.0172063,0.4410012,5.649384,52.37556,-3.148272,-0.03915114,0.8996268,0.09963002,0.4233352,17.26349,50.48793,-0.8156794
26.02.2024 10:34:53,0.01970037,0.8947303,0.0172532,0.4458385,5.762482,52.9929,-2.902802,-0.03812514,0.8973597,0.09801544,0.4285851,17.03973,51.15526,-0.9134861
26.02.2024 10:34:53,0.01708114,0.8927477,0.0170199,0.4499113,5.860565,53.5125,-2.626118,-0.03832765,0.8950413,0.09618962,0.4337968,16.85526,51.80609,-0.8690596
26.02.2024 10:34:53,0.01454311,0.8911141,0.01609285,0.4532606,5.88797,53.93786,-2.321832,-0.03998704,0.8925728,0.09467995,0.4390338,16.7785,52.45374,-0.6878809
26.02.2024 10:34:53,0.01226091,0.8896201,0.01420457,0.4563158,5.806946,54.32365,-1.99327,-0.04087194,0.8898886,0.09574868,0.4441397,16.93002,53.1225,-0.7208197
26.02.2024 10:34:53,0.01021485,0.8882977,0.01203476,0.4589969,5.687775,54.6622,-1.673136,-0.04027956,0.8875504,0.09964432,0.4479989,17.29642,53.67786,-1.042744
26.02.2024 10:34:53,0.008344531,0.8870491,0.00993552,0.4614929,5.568665,54.9788,-1.373829,-0.0396248,0.8850775,0.103678,0.4520161,17.67075,54.26132,-1.38526
26.02.2024 10:34:53,0.007070573,0.8860027,0.00823049,0.4635532,5.460052,55.24143,-1.155177,-0.03927423,0.8827137,0.1055111,0.4562254,17.83289,54.84188,-1.583164
26.02.2024 10:34:53,0.006006369,0.8850159,0.006232657,0.4654804,5.311707,55.48744,-0.9416451,-0.03973759,0.8809273,0.1050798,0.4597242,17.80725,55.29234,-1.56336
26.02.2024 10:34:53,0.005462115,0.8843002,0.004110191,0.4668688,5.124268,55.66473,-0.7734117,-0.04049458,0.8800446,0.1035865,0.4616835,17.69217,55.52348,-1.431671
26.02.2024 10:34:53,0.004554967,0.8837385,0.001781058,0.4679555,-0.06388848,55.80375,-0.556793,-0.03974559,0.8792409,0.1032895,0.4633434,17.61887,55.74445,-1.516474
26.02.2024 10:34:53,0.003794651,0.8832986,-0.0004623346,0.4687952,-0.2506462,55.9119,-0.3592584,-0.03994321,0.8780526,0.1030691,0.4656233,17.60315,56.04074,-1.517151
26.02.2024 10:34:53,0.003626033,0.882677,-0.001943925,0.4699622,-0.3919012,56.06331,-0.2620831,-0.04144633,0.8765517,0.1032947,0.4682623,17.70325,56.38057,-1.414345
26.02.2024 10:34:53,0.003937044,0.8817834,-0.002912562,0.4716292,-0.5070827,56.27986,-0.2404199,-0.04213801,0.8748777,0.1040797,0.4711485,17.81598,56.76832,-1.430522
26.02.2024 10:34:53,0.003772161,0.8808227,-0.003588683,0.4734176,-0.5668709,56.51265,-0.1860671,-0.04308289,0.8736063,0.1049434,0.473226,17.95197,57.04867,-1.414018
26.02.2024 10:34:53,0.003269468,0.8799608,-0.003656782,0.4750212,-0.5467122,56.72157,-0.1306352,-0.04511593,0.8728641,0.1062324,0.4741177,18.19308,57.16894,-1.293208
26.02.2024 10:34:53,0.002332612,0.8792663,-0.004121895,0.476307,-0.5426315,56.88961,-0.01005009,-0.04616406,0.8716496,0.1081213,0.4758211,18.43954,57.41459,-1.320562
26.02.2024 10:34:53,0.001851722,0.8784383,-0.004740658,0.4778287,-0.5786034,57.08855,5.073181,-0.04628265,0.8700042,0.1106237,0.4782395,18.69507,57.77404,-1.490819
26.02.2024 10:34:53,0.001581999,0.8773637,-0.004715729,0.4798001,-0.5611011,57.34596,5.10022,-0.04754359,0.8685811,0.1106101,0.4806995,18.76004,58.09205,-1.401095
26.02.2024 10:34:53,0.001478623,0.8764668,-0.004425414,0.4814397,-0.526051,57.56007,5.095642,-0.04952827,0.8689107,0.1094619,0.480166,18.75607,57.98622,-1.123696
26.02.2024 10:34:53,0.001922695,0.875645,-0.00403317,0.4829346,-0.5111036,57.75526,5.030273,-0.05171819,0.8696361,0.108533,0.4788308,18.78604,57.77503,-0.8251318
26.02.2024 10:34:53,0.002852318,0.8747963,-0.003775481,0.4844679,-0.5368273,57.95558,-0.07633252,-0.0531235,0.8708364,0.1061542,0.4770254,18.62512,57.4876,-0.5160258
26.02.2024 10:34:53,0.003797366,0.8739978,-0.003644782,0.4859014,-0.5764828,58.14308,-0.1773838,-0.05503269,0.870883,0.1043896,0.4771132,18.55249,57.45856,-0.2214381
26.02.2024 10:34:53,0.004630398,0.8731484,-0.003725301,0.4874184,-0.6313758,58.3418,-0.2552398,-0.05640818,0.8706853,0.1034743,0.4775127,18.53613,57.4878,-0.03494885
26.02.2024 10:34:53,0.005705031,0.87237,-0.004456946,0.4887926,-0.7651142,58.52204,-0.3207005,-0.05746392,0.8705655,0.1028275,0.4777448,18.5293,57.50118,5.106171
26.02.2024 10:34:53,0.007544121,0.8716645,-0.006580284,0.490001,-1.080941,58.68089,-0.3841358,-0.05583658,0.8701913,0.1032047,0.4785376,18.47702,57.62588,-0.09413113
26.02.2024 10:34:53,0.01002354,0.871097,-0.01012335,0.4909043,-1.574574,58.8007,-0.4312466,-0.05727839,0.8701565,0.1020741,0.478673,18.4429,57.61675,5.115601
26.02.2024 10:34:53,0.01267167,0.8708605,-0.01421184,0.4911614,-2.131937,58.83695,-0.4649893,-0.05763123,0.8705146,0.1019589,0.4780036,18.45074,57.52288,5.168732
26.02.2024 10:34:53,0.01543233,0.8708216,-0.01841804,0.4910116,-2.707234,58.82093,-0.5042372,-0.05738621,0.871007,0.1020312,0.4771199,18.44431,57.40798,5.153473
26.02.2024 10:34:53,0.01835402,0.8711127,-0.02214804,0.4902401,-3.243679,58.72273,-0.5888725,-0.05791124,0.8712472,0.1031663,0.476373,18.58817,57.31876,5.154358
26.02.2024 10:34:53,0.0211216,0.8716047,-0.02529001,0.4891008,-3.712325,58.57542,-0.6936423,-0.05895938,0.8720245,0.1044687,0.4745349,18.77768,57.08172,5.217102
26.02.2024 10:34:53,0.02330166,0.8724474,-0.02771865,0.4873647,-4.07596,58.34912,-0.7835646,-0.05911217,0.873235,0.1062014,0.4718979,18.96136,56.75202,5.177429
26.02.2024 10:34:53,0.02492342,0.873302,-0.02992804,0.4856201,-4.38621,58.12272,-0.8311919,-0.05971009,0.8739662,0.1068483,0.4703204,19.05951,56.54523,5.22818
26.02.2024 10:34:53,0.02641146,0.8742836,-0.03289163,0.4835791,-4.76432,57.86088,-0.8262701,-0.06088376,0.8743168,0.1071935,0.4694389,19.15848,56.42182,5.344025
26.02.2024 10:34:53,0.02849622,0.8750917,-0.03707405,0.4816929,-5.298196,57.62334,-0.8146442,-0.06283487,0.874464,0.1075719,0.4688206,19.30313,56.32661,5.533936
26.02.2024 10:34:53,0.03112233,0.8757684,-0.0421937,0.4798759,-5.95651,57.39891,-0.8074679,-0.06366037,0.8750518,0.1081253,0.4674834,19.40359,56.14826,5.610413
26.02.2024 10:34:53,0.03360421,0.8763351,-0.0471354,0.4782111,-6.589357,57.19621,-0.7968737,-0.06356429,0.8755115,0.1088414,0.4664685,19.47073,56.02364,5.577576
26.02.2024 10:34:54,0.03522279,0.8769011,-0.05119864,0.4766368,-7.086591,57.00594,-0.7487236,-0.06354455,0.8758529,0.1097848,0.4656082,19.56537,55.92203,5.537415
26.02.2024 10:34:54,0.03579974,0.8775808,-0.05455731,0.4749673,-7.455973,56.80513,-0.6361295,-0.06395931,0.8763424,0.1101261,0.4645487,19.62198,55.78177,5.579285
26.02.2024 10:34:54,0.03626129,0.878107,-0.05773601,0.473582,-7.801538,56.64241,-0.5203194,-0.06407753,0.8764312,0.110024,0.4643891,19.61786,55.75805,5.599915
26.02.2024 10:34:54,0.03719816,0.8787295,-0.06175631,0.4718442,-8.258397,56.43855,-0.4108072,-0.06516205,0.8763424,0.1104371,0.4643076,19.7186,55.7423,5.69046
26.02.2024 10:34:54,0.03879333,0.8794699,-0.06597313,0.469761,-8.771251,56.18922,-0.3624498,-0.06391045,0.8761631,0.1118584,0.4644797,19.79626,55.79658,5.478851
26.02.2024 10:34:54,0.04049049,0.8802332,-0.07067861,0.4674982,-9.339597,55.92154,-0.3018208,-0.06447712,0.8761043,0.1124381,0.4643724,19.88608,55.78474,5.506958
26.02.2024 10:34:54,0.0426155,0.8810172,-0.07563227,0.465051,-9.956674,55.63124,-0.2759834,-0.06463081,0.8763248,0.1128639,0.4638313,19.93756,55.71711,5.508545
26.02.2024 10:34:54,0.04458579,0.8820158,-0.08026126,0.4621888,-10.53275,55.2864,-0.259863,-0.06343022,0.8767632,0.1129506,0.463147,19.88126,55.63907,5.391357
26.02.2024 10:34:54,0.04663343,0.8831115,-0.08430047,0.4591653,-11.05308,54.91552,-0.2889368,-0.06335449,0.8767173,0.1127256,0.463299,19.85425,55.65691,5.393402
26.02.2024 10:34:54,0.04812685,0.8839898,-0.08734591,0.4567457,-11.44278,54.61856,-0.3096846,-0.06288996,0.8765341,0.1128633,0.4636753,19.84341,55.71341,5.331146
26.02.2024 10:34:54,0.04911182,0.8847238,-0.08949868,0.4547987,-11.71451,54.37853,-0.3214243,-0.06248259,0.8766636,0.1136187,0.4633009,19.8985,55.67817,5.253357
26.02.2024 10:34:54,0.04948549,0.8854339,-0.09119713,0.4530356,-11.90768,54.1629,-0.292849,-0.06218537,0.8767775,0.1140662,0.4630153,19.9281,55.64941,5.202606
26.02.2024 10:34:54,0.04971652,0.8861367,-0.09220203,0.4514298,-12.02241,53.96184,-0.2850415,-0.0627393,0.8769728,0.1139744,0.4625932,19.94849,55.58653,5.27243
26.02.2024 10:34:54,0.0496792,0.8866722,-0.0926452,0.4502903,-12.06563,53.81795,-0.2732581,-0.06367529,0.8770543,0.1139749,0.4623105,19.99887,55.5397,5.374268
26.02.2024 10:34:54,0.04962977,0.8869383,-0.09278875,0.4497418,-12.07764,53.74824,-0.2680697,-0.06464342,0.8769498,0.1141344,0.4623349,20.06735,55.53557,5.465271
26.02.2024 10:34:54,0.04935606,0.8871461,-0.09249591,0.4494222,-12.03319,53.70557,-0.2596779,-0.06771345,0.8773143,0.1134073,0.461382,20.15738,55.36813,5.84079
26.02.2024 10:34:54,0.0485114,0.887572,-0.09075876,0.4490273,-11.81052,53.64228,-0.2697531,-0.07030334,0.8780651,0.1124376,0.459801,20.19507,55.11893,6.191315
26.02.2024 10:34:54,0.04683431,0.8879393,-0.08808426,0.4490117,-11.44839,53.62561,-0.2379479,-0.06986199,0.8787786,0.1128465,0.4584028,20.21158,54.9431,6.147705
26.02.2024 10:34:54,0.04436832,0.888431,-0.08387852,0.4490949,-10.88811,53.61303,-0.2040684,-0.07142989,0.8787123,0.1116372,0.4585845,20.17139,54.93553,6.373993
26.02.2024 10:34:54,0.04170903,0.8887817,-0.0798011,0.4493988,-10.33129,53.63276,-0.1406737,-0.07265915,0.8788667,0.1081707,0.458926,19.88177,54.92508,6.68573
26.02.2024 10:34:54,0.03977484,0.8889456,-0.07647173,0.4498286,-9.889126,53.67144,-0.111492,-0.07328197,0.8790307,0.1037412,0.4595352,19.46182,54.94739,6.981934
26.02.2024 10:34:54,0.03826531,0.8891678,-0.07337844,0.4500355,-9.493342,53.68113,-0.1163427,-0.07016761,0.8792254,0.09947839,0.4605903,18.86087,55.06861,6.873962
26.02.2024 10:34:54,0.03727319,0.8892012,-0.07106502,0.4504239,-9.204556,53.71828,-0.1316408,-0.06440832,0.8805663,0.09665394,0.45947,18.26221,54.94167,6.448975
26.02.2024 10:34:54,0.03676027,0.8891881,-0.06934581,0.4507599,-9.001657,53.75098,-0.1657342,-0.06178395,0.8813302,0.09230734,0.4592595,17.67709,54.89051,6.416534
26.02.2024 10:34:54,0.03624402,0.8891431,-0.06828111,0.4510528,-8.865723,53.78355,-0.1655847,-0.06596567,0.8811597,0.08933906,0.4595918,17.59619,54.86969,7.004364
26.02.2024 10:34:54,0.03559935,0.8891273,-0.06710916,0.4513111,-8.712121,53.81162,-0.1582718,-0.0700504,0.8807924,0.08963744,0.4596334,17.84409,54.84346,7.410065
26.02.2024 10:34:54,0.03480671,0.8892271,-0.0659046,0.4513539,-8.547462,53.81245,-0.1396074,-0.06997216,0.8809172,0.09341904,0.4586521,18.22495,54.7512,7.212708
26.02.2024 10:34:54,0.03425073,0.8891408,-0.06477992,0.451729,-8.40336,53.85565,-0.1379317,-0.07007343,0.8816751,0.09747328,0.4563308,18.64072,54.4856,7.040649
26.02.2024 10:34:54,0.03445684,0.8888078,-0.06415468,0.4524573,-8.350184,53.94421,-0.1851095,-0.07240155,0.8818887,0.09915779,0.4551902,18.93408,54.33128,7.210083
26.02.2024 10:34:54,0.0344488,0.8885465,-0.06374759,0.4530283,-8.308208,54.01526,-0.2003338,-0.07331116,0.8815436,0.1005064,0.4554173,19.12134,54.36692,7.228455
26.02.2024 10:34:54,0.0338094,0.8884285,-0.0635366,0.4533375,-8.253299,54.0573,-0.1428528,-0.07504695,0.8814967,0.1002649,0.4552785,19.18781,54.32946,7.424377
26.02.2024 10:34:54,0.03337229,0.8883616,-0.06317083,0.4535522,-8.19307,54.08483,-0.11524,-0.07475387,0.8824455,0.09987091,0.4535722,19.12711,54.10308,7.442932
26.02.2024 10:34:54,0.03310639,0.888244,-0.06265882,0.4538728,-8.12683,54.12408,-0.1119822,-0.07680859,0.8844213,0.09535056,0.4503418,18.75912,53.61386,7.949646
26.02.2024 10:34:54,0.03303801,0.8880749,-0.06177201,0.4543299,-8.032608,54.17727,-0.1475931,-0.07765152,0.8868005,0.09017878,0.446568,18.25555,53.06566,8.367828
26.02.2024 10:34:54,0.03227356,0.8879997,-0.06087461,0.4546531,-7.900883,54.21677,-0.1136175,-0.07930587,0.8880026,0.08541017,0.4448225,17.84082,52.78545,8.814514
26.02.2024 10:34:54,0.0315482,0.8880969,-0.06014412,0.4546112,-7.788224,54.20992,-0.07814747,-0.08102012,0.8868768,0.08124816,0.4475311,17.51132,53.09507,9.169891
26.02.2024 10:34:54,0.03115361,0.8880902,-0.05954564,0.4547303,-7.706395,54.22318,-0.06822591,-0.08205744,0.8870221,0.0790929,0.4474402,17.34195,53.06044,9.391113
26.02.2024 10:34:54,0.03072626,0.888107,-0.05910284,0.4547843,-7.638762,54.22925,-0.04730671,-0.08589404,0.8871572,0.07897996,0.4464712,17.52313,52.90041,9.811279
26.02.2024 10:34:54,0.03007441,0.8881904,-0.05829359,0.4547694,-7.521919,54.22499,-0.02330903,-0.08335112,0.8869089,0.08348626,0.4466266,17.85843,52.97157,9.310425
26.02.2024 10:34:54,0.02939218,0.8882897,-0.05743555,0.4547293,-7.39851,54.2173,0.00102409,-0.08096887,0.8856559,0.08825012,0.4486309,18.23636,53.29002,8.783752
26.02.2024 10:34:54,0.02895473,0.8883585,-0.05656098,0.4547325,-7.286228,54.21394,-0.0002382054,-0.07930192,0.8846199,0.09127024,0.4503651,18.46838,53.55731,8.424713
26.02.2024 10:34:54,0.02835122,0.8885003,-0.05568191,0.4546019,-7.164808,54.19408,5.014221,-0.077915,0.8838466,0.09440746,0.4514772,18.72354,53.74398,8.097015
26.02.2024 10:34:54,0.02767771,0.8886014,-0.05488599,0.4545428,-7.048239,54.18438,5.040833,-0.07509931,0.884402,0.09763058,0.4501795,18.90457,53.63055,7.653168
26.02.2024 10:34:54,0.02704356,0.8886761,-0.0539369,0.4545485,-6.91808,54.18192,5.055878,-0.07515545,0.8848372,0.1017726,0.4483939,19.32977,53.43713,7.468628
26.02.2024 10:34:54,0.02671171,0.8887497,-0.05305607,0.4545279,-6.81071,54.17517,5.043335,-0.07308124,0.8840948,0.1047743,0.4495086,19.53445,53.63667,7.07373
26.02.2024 10:34:55,0.02645713,0.8887706,-0.05222445,0.4545982,-6.712409,54.18021,5.026184,-0.0729709,0.8829006,0.1090097,0.4508644,19.9686,53.86528,6.812469
26.02.2024 10:34:55,0.02595676,0.8887852,-0.05134506,0.4546986,-6.596385,54.19,5.031891,-0.07459234,0.882045,0.1106709,0.4518679,20.22708,54.00108,6.875
26.02.2024 10:34:55,0.02544472,0.8888624,-0.05055898,0.4546649,-6.489295,54.18312,5.042725,-0.07413282,0.8824926,0.1112541,0.4509254,20.26114,53.88834,6.812225
26.02.2024 10:34:55,0.02469112,0.888872,-0.04970833,0.4547813,-6.36298,54.1963,5.075989,-0.07489555,0.8834173,0.1099842,0.4492974,20.16647,53.65008,6.988892
26.02.2024 10:34:55,0.0243659,0.8888662,-0.04923393,0.4548617,-6.297503,54.20526,5.08493,-0.07471926,0.8834918,0.1092679,0.4493549,20.08344,53.65108,7.007751
26.02.2024 10:34:55,0.02386162,0.8888412,-0.04860582,0.4550048,-6.206954,54.22219,5.104523,-0.0762959,0.8827384,0.1067696,0.4511675,19.91251,53.84538,7.274872
26.02.2024 10:34:55,0.02333486,0.8889773,-0.04785482,0.4548458,-6.102718,54.19946,5.117828,-0.07599492,0.8832849,0.10623,0.4502753,19.83878,53.72463,7.287628
26.02.2024 10:34:55,0.0230434,0.8890588,-0.04716408,0.4547736,-6.016931,54.18736,5.11084,-0.07570963,0.8838655,0.1067253,0.4490654,19.87189,53.57352,7.252167
26.02.2024 10:34:55,0.02273246,0.8891208,-0.04663993,0.4547221,-5.947145,54.17899,5.114777,-0.07509398,0.8838488,0.1067591,0.4491934,19.8436,53.59708,7.183716
26.02.2024 10:34:55,0.02241549,0.8892409,-0.04637444,0.4545301,-5.903491,54.15395,5.131989,-0.07478903,0.8840609,0.1059351,0.449022,19.74219,53.56834,7.198669
26.02.2024 10:34:55,0.02191919,0.8895063,-0.04595895,0.454077,-5.835204,54.09504,5.15799,-0.07582131,0.8851379,0.1041164,0.4471487,19.60309,53.2914,7.434998
26.02.2024 10:34:55,0.02115709,0.8899057,-0.04536385,0.4533899,-5.73479,54.00597,5.200348,-0.07616711,0.8862708,0.1030373,0.445091,19.50357,53.00604,7.562683
26.02.2024 10:34:55,0.02040527,0.8905315,-0.04517179,0.4522133,-5.676342,53.85594,5.259766,-0.0766949,0.8879405,0.1024023,0.441807,19.4552,52.56331,7.706024
26.02.2024 10:34:55,0.01964202,0.8911999,-0.04560698,0.4508846,-5.68173,53.6899,5.352203,-0.07898733,0.8900141,0.1023056,0.4372293,19.54724,51.93956,8.028412
26.02.2024 10:34:55,0.01851405,0.8922738,-0.04520253,0.4488446,-5.582903,53.42911,5.43399,-0.07955793,0.8924203,0.1031608,0.4319889,19.64694,51.25726,8.132507
26.02.2024 10:34:55,0.01665271,0.8937222,-0.04357858,0.4461886,-5.322108,53.08551,5.524963,-0.07898491,0.8946605,0.1037905,0.4272839,19.66769,50.65616,8.118805
26.02.2024 10:34:55,0.01431871,0.8956854,-0.04161797,0.4425049,-5.004007,52.61058,5.643158,-0.07912942,0.8970333,0.1035019,0.4223235,19.62701,50.00731,8.231354
26.02.2024 10:34:55,0.01170627,0.8982284,-0.04054314,0.4374986,-4.765451,51.97305,5.830566,-0.07893091,0.8992947,0.1040532,0.417387,19.65738,49.37453,8.265167
26.02.2024 10:34:55,0.008556896,0.9014395,-0.03987699,0.4309797,-4.546554,51.14832,6.088989,-0.07833732,0.9013245,0.1054013,0.4127566,19.75403,48.79419,8.213257
26.02.2024 10:34:55,0.005579775,0.9053898,-0.03904929,0.422745,-4.325775,50.10739,6.31662,-0.07679862,0.9029772,0.1073539,0.4089125,19.87341,48.3326,8.018738
26.02.2024 10:34:55,0.003465884,0.9091046,-0.03829378,0.4147897,-4.157668,49.10391,6.463104,-0.07498433,0.9042196,0.1089067,0.4060833,19.94257,48.00259,7.797394
26.02.2024 10:34:55,0.002498843,0.9129533,-0.03662453,0.4064097,-3.951044,48.0433,6.447815,-0.07394341,0.9058278,0.1106247,0.402207,20.06384,47.53149,7.669373
26.02.2024 10:34:55,0.002323783,0.9171515,-0.03499706,0.3969923,-3.786584,46.85574,6.350922,-0.07102783,0.908636,0.1128609,0.3957248,20.14804,46.75383,7.360352
26.02.2024 10:34:55,0.002554884,0.9215578,-0.03340606,0.3867929,-3.643468,45.57579,6.213409,-0.06676972,0.9126542,0.1155709,0.3863256,20.22098,45.62723,6.934875
26.02.2024 10:34:55,0.002615341,0.9262128,-0.03211027,0.375622,-3.522853,44.18369,6.106689,-0.06673495,0.9160782,0.1156984,0.3781022,20.21506,44.57991,7.06543
26.02.2024 10:34:55,0.002293218,0.9307402,-0.03109973,0.364349,-3.414707,42.78833,6.055817,-0.06956592,0.9186034,0.114627,0.3717379,20.20743,43.72643,7.529266
26.02.2024 10:34:55,0.001114569,0.935278,-0.03047701,0.3525975,-3.313252,41.34485,6.113892,-0.07215148,0.921208,0.1141342,0.3648881,20.24442,42.82202,7.949219
26.02.2024 10:34:55,-0.0005185567,0.939977,-0.02980672,0.339933,-3.192035,39.79796,6.218903,-0.07266296,0.9242919,0.1157947,0.3563654,20.41718,41.75182,8.079773
26.02.2024 10:34:55,-0.002281052,0.9446839,-0.02907185,0.3266834,-3.063177,38.18779,6.33728,-0.06750537,0.9283446,0.1202783,0.3451848,20.6597,40.44682,7.517853
26.02.2024 10:34:55,-0.00423452,0.9496071,-0.02845425,0.3121201,-2.94615,36.42773,6.480621,-0.06211216,0.9329062,0.1244717,0.3321672,20.87289,38.92143,6.977936
26.02.2024 10:34:55,-0.005785991,0.9542574,-0.02834459,0.2975836,-2.903413,34.68059,6.601532,-0.05920183,0.9376907,0.1260099,0.3183597,20.90311,37.24989,6.834839
26.02.2024 10:34:55,-0.006760684,0.9588352,-0.02904581,0.2823929,-2.973953,32.8649,6.685242,-0.05952852,0.942156,0.1244584,0.3054647,20.71701,35.63039,7.151306
26.02.2024 10:34:55,-0.006937635,0.9632052,-0.03017093,0.2669784,-3.119416,31.03036,6.691528,-0.06151473,0.9462823,0.1221292,0.2930023,20.49686,34.04567,7.667755
26.02.2024 10:34:55,-0.006920325,0.9672877,-0.03117122,0.2516647,-3.257293,29.21475,6.668945,-0.05957239,0.9504097,0.1226798,0.2795037,20.45572,32.41547,7.65564
26.02.2024 10:34:55,-0.007304262,0.9713971,-0.03219541,0.235155,-3.388946,27.26645,6.683807,-0.05699148,0.9546926,0.1251762,0.2639034,20.61014,30.55576,7.544037
26.02.2024 10:34:55,-0.00810266,0.9751201,-0.03315342,0.2190341,-3.503391,25.37286,6.741058,-0.05549734,0.9584454,0.1265079,0.2495963,20.67651,28.83894,7.573486
26.02.2024 10:34:55,-0.00933243,0.9786363,-0.03391479,0.2025678,-3.589039,23.44656,6.837738,-0.05500732,0.9617802,0.1275684,0.235965,20.74432,27.19397,7.715942
26.02.2024 10:34:55,-0.01101428,0.9819177,-0.03469576,0.1857755,-3.671987,21.49062,6.982391,-0.05346407,0.9648026,0.1293281,0.2226472,20.86426,25.61082,7.715698
26.02.2024 10:34:55,-0.01236514,0.9849436,-0.03502823,0.1688379,-3.716877,19.5215,7.078125,-0.05070545,0.9677652,0.1307978,0.2091686,20.92477,24.03004,7.588196
26.02.2024 10:34:55,-0.01342846,0.9877995,-0.03509424,0.1511303,-3.742542,17.46695,7.132813,-0.04916307,0.9712244,0.1303774,0.1931529,20.79782,22.12291,7.688324
26.02.2024 10:34:55,-0.01445912,0.9903069,-0.03410671,0.1338657,-3.651126,15.46584,7.168945,-0.04944663,0.9747394,0.1285441,0.1758256,20.54422,20.03453,8.045898
26.02.2024 10:34:55,-0.01779268,0.9925954,-0.03242972,0.1156986,-3.454852,13.37115,7.458984,-0.05104601,0.9775564,0.128577,0.1588893,20.52173,17.98579,8.507141
26.02.2024 10:34:55,-0.02243471,0.9946323,-0.03015608,0.09640516,-3.190892,11.15292,7.895905,-0.04840917,0.9796506,0.131696,0.1435187,20.77899,16.198,8.398499
26.02.2024 10:34:55,-0.02534613,0.9963295,-0.02804522,0.07680175,-2.980226,8.89769,8.146454,-0.04403474,0.9816809,0.1345371,0.1275278,20.98444,14.36678,8.109161
26.02.2024 10:34:55,-0.02476079,0.9976067,-0.02666816,0.05879349,-2.88303,6.821487,8.015472,-0.04230689,0.983902,0.1334476,0.1110801,20.78317,12.43982,8.193329
26.02.2024 10:34:56,-0.02323539,0.9985659,-0.02562136,0.0408637,-2.824121,4.755356,7.783203,-0.04238687,0.9860048,0.1306321,0.09451581,20.40381,10.47719,8.502258
26.02.2024 10:34:56,-0.02344149,0.9991466,-0.0240402,0.02405425,-2.688826,2.822876,7.754272,-0.04158685,0.9874512,0.1296529,0.08000565,20.23071,8.776398,8.647552
26.02.2024 10:34:56,-0.02442931,0.9994108,-0.02245359,0.008783621,-2.547727,1.069916,7.82428,-0.04057823,0.9883124,0.1311576,0.06625517,20.34476,7.167191,8.735504
26.02.2024 10:34:56,-0.02487226,0.9994292,-0.02190483,-0.006554505,-2.528178,-0.6889191,7.835999,-0.03853341,0.9888373,0.1340292,0.05246191,20.61127,5.566544,8.699524
26.02.2024 10:34:56,-0.02517058,0.9992481,-0.02063415,-0.02107183,-2.424222,-2.356094,7.836029,-0.03540691,0.9891579,0.1369862,0.0393432,20.8898,4.06221,8.532898
26.02.2024 10:34:56,-0.025569,0.9988617,-0.01891159,-0.03555199,-2.269402,-4.020355,7.853027,-0.03400151,0.9892419,0.1398097,0.02641288,21.16516,2.551071,8.574768
26.02.2024 10:34:56,-0.02662186,0.9983049,-0.01755384,-0.04868783,-2.15715,-5.528687,7.950928,-0.03196587,0.9892928,0.1416649,0.01445831,21.33307,1.167328,8.533844
26.02.2024 10:34:56,-0.02799024,0.9975144,-0.01637107,-0.06255803,-2.072427,-7.121262,8.085632,-0.03043052,0.9890956,0.144091,0.001299244,21.56592,-0.3705902,8.578369
26.02.2024 10:34:56,-0.02850702,0.9965968,-0.01549921,-0.07577596,-2.017986,-8.641159,8.124451,-0.02930806,0.9887817,0.1459584,-0.01216697,21.73401,-1.951797,8.682648
26.02.2024 10:34:56,-0.02859124,0.9955676,-0.01424601,-0.08845873,-1.915411,-10.10291,8.120667,-0.02552578,0.9882873,0.1482688,-0.02555311,21.96335,-3.481064,8.478302
26.02.2024 10:34:56,-0.02871621,0.9943038,-0.01147421,-0.1019983,-1.643222,-11.66908,8.140656,-0.02222851,0.9877988,0.1493904,-0.03797504,22.06445,-4.900497,8.313873
26.02.2024 10:34:56,-0.02876529,0.9929391,-0.008493446,-0.1147714,-1.344845,-13.14969,8.163757,-0.02285625,0.9874165,0.14865,-0.04888262,21.93726,-6.200912,8.576172
26.02.2024 10:34:56,-0.02880898,0.9913236,-0.006413773,-0.1280876,-1.151516,-14.69267,8.180756,-0.02466965,0.9867249,0.1478121,-0.06258691,21.77484,-7.852219,9.023895
26.02.2024 10:34:56,-0.02832007,0.989443,-0.005071303,-0.1420382,-1.035998,-16.3101,8.130493,-0.02437675,0.9860592,0.1457639,-0.07645962,21.48331,-9.477539,9.20813
26.02.2024 10:34:56,-0.02737362,0.9872957,-0.004516141,-0.1564526,-1.001746,-17.9827,8.017822,-0.02172222,0.9852312,0.1442499,-0.08966452,21.2807,-10.98723,9.102417
26.02.2024 10:34:56,-0.02649819,0.9848473,-0.003422416,-0.1713534,-0.9065844,-19.717,7.924896,-0.02063203,0.9843134,0.142001,-0.1026511,20.98056,-12.49181,9.161865
26.02.2024 10:34:56,-0.02598081,0.9823819,-0.00154135,-0.1850637,-0.7245015,-21.31871,7.893494,-0.02350361,0.983317,0.1389569,-0.1150057,20.53763,-13.97704,9.654694
26.02.2024 10:34:56,-0.02536097,0.9799086,-0.0004807878,-0.1978276,-0.6289172,-22.81175,7.838196,-0.02890491,0.9815912,0.1371916,-0.1296989,20.17892,-15.78595,10.4899
26.02.2024 10:34:56,-0.02479753,0.9773293,-0.0008101218,-0.2102662,-0.6882349,-24.26692,7.758911,-0.02930567,0.9798166,0.1357806,-0.1437512,19.93094,-17.44435,10.72974
26.02.2024 10:34:56,-0.02393976,0.9746256,-0.001693088,-0.2225509,-0.7996392,-25.70699,7.631683,-0.02881498,0.978121,0.1351718,-0.1554918,19.8013,-18.82487,10.84183
26.02.2024 10:34:56,-0.0230331,0.9716917,-0.002215088,-0.2351166,-0.8672446,-27.18544,7.506073,-0.02767558,0.9760275,0.1366452,-0.1671302,19.92105,-20.20982,10.92221
26.02.2024 10:34:56,-0.02250823,0.9688962,-0.003461688,-0.2464177,-1.01997,-28.51743,7.402374,-0.02438042,0.9739682,0.1376164,-0.178475,20.03241,-21.52608,10.7413
26.02.2024 10:34:56,-0.02269502,0.9660813,-0.004822331,-0.2571937,-1.202816,-29.79053,7.371521,-0.02346699,0.9718197,0.1365134,-0.1907352,19.85541,-22.96498,10.80051
26.02.2024 10:34:56,-0.02338212,0.9631726,-0.006184043,-0.267794,-1.400207,-31.04617,7.392365,-0.02478277,0.9696333,0.1351265,-0.2023316,19.59695,-24.35461,11.09445
26.02.2024 10:34:56,-0.02386346,0.9600057,-0.007174295,-0.2788695,-1.552007,-32.36334,7.397491,-0.02337332,0.9673166,0.1357582,-0.2128896,19.63678,-25.60959,11.11227
26.02.2024 10:34:56,-0.02237866,0.9532508,-0.007784699,-0.30125,-1.623102,-35.04472,7.177185,-0.01729164,0.9620197,0.1351806,-0.2365276,19.59073,-28.36488,10.7655
26.02.2024 10:34:56,-0.02193516,0.9503555,-0.008166878,-0.3102848,-1.669558,-36.13245,7.099792,-0.01908512,0.959116,0.1339792,-0.2485597,19.33054,-29.82719,11.1152
26.02.2024 10:34:56,-0.02266157,0.9467738,-0.008722664,-0.3209826,-1.780164,-37.42293,7.139313,-0.01943237,0.9558614,0.1336611,-0.2609331,19.20441,-31.32704,11.33112
26.02.2024 10:34:56,-0.02405109,0.9427592,-0.008835956,-0.3324885,-1.871256,-38.81607,7.263428,-0.0179793,0.9524934,0.1349173,-0.2724528,19.31299,-32.72806,11.38565
26.02.2024 10:34:56,-0.02497338,0.938485,-0.008746228,-0.3443049,-1.926264,-40.25407,7.34259,-0.01486062,0.9490967,0.1360858,-0.2836816,19.47076,-34.07672,11.25031
26.02.2024 10:34:56,-0.02460232,0.9345502,-0.008511011,-0.3548779,-1.912291,-41.54843,7.290466,-0.01096342,0.9460516,0.137082,-0.2933849,19.65158,-35.23135,11.00299
26.02.2024 10:34:56,-0.02416603,0.9306032,-0.008613883,-0.3651295,-1.930068,-42.80853,7.218445,-0.00947422,0.9425167,0.1374445,-0.3044364,19.67398,-36.57784,11.02539
26.02.2024 10:34:56,-0.0242808,0.9264318,-0.008952308,-0.3755721,-1.995774,-44.09668,7.194275,-0.007961142,0.9387202,0.1369531,-0.316204,19.60101,-38.00421,11.02405
26.02.2024 10:34:56,-0.02533498,0.9218032,-0.008440883,-0.3867375,-2.0148,-45.47992,7.304138,-0.005077843,0.9346869,0.1367967,-0.3280569,19.61914,-39.43596,10.88702
26.02.2024 10:34:56,-0.02672648,0.9171121,-0.007652841,-0.397659,-2.022564,-46.83955,7.462341,-0.002584439,0.9309123,0.136666,-0.3387006,19.63718,-40.72911,10.77695
26.02.2024 10:34:56,-0.02747961,0.9123341,-0.006943143,-0.4084645,-2.012517,-48.19263,7.550293,-0.0006948611,0.9270669,0.1364047,-0.3491994,19.62119,-42.0152,10.72678
26.02.2024 10:34:56,-0.02822695,0.9071448,-0.005849546,-0.4198303,-1.966424,-49.62421,7.655334,0.00133349,0.9226177,0.1359247,-0.3609699,19.58261,-43.46184,10.67316
26.02.2024 10:34:56,-0.0293723,0.9023916,-0.004572536,-0.4298904,-1.920122,-50.89815,7.814758,0.003621346,0.9187494,0.1350407,-0.3710128,19.52631,-44.68738,10.54565
26.02.2024 10:34:56,-0.03081878,0.8966092,-0.002908004,-0.4417394,-1.85914,-52.40784,8.022217,0.006420641,0.9142066,0.1342698,-0.3823045,19.50177,-46.07373,10.38895
26.02.2024 10:34:56,-0.03164296,0.8924251,-0.001766551,-0.4500813,-1.81296,-53.47699,8.14801,0.008276206,0.9110695,0.133491,-0.3899539,19.45941,-47.01324,10.27536
26.02.2024 10:34:56,-0.03219882,0.8871906,-0.0008115924,-0.4602776,-1.781089,-54.79062,8.233948,0.009760953,0.9071699,0.1321288,-0.3993613,19.33099,-48.17511,10.20074
26.02.2024 10:34:56,-0.03199545,0.8825319,-0.0005595991,-0.4691626,-1.777019,-55.94131,8.208862,0.01144929,0.9031522,0.1308817,-0.4087238,19.22742,-49.33643,10.10834
26.02.2024 10:34:56,-0.03130066,0.8783223,-0.0006816608,-0.4770428,-1.779948,-56.96696,8.11615,0.01313751,0.8987942,0.1295671,-0.4185794,19.11722,-50.56587,10.0195
26.02.2024 10:34:56,-0.03119196,0.8741384,-0.0004273796,-0.4846742,-1.775482,-57.96509,8.103729,0.01526899,0.8942721,0.128925,-0.4282788,19.10306,-51.78931,9.916595
26.02.2024 10:34:56,-0.03178755,0.8697488,0.001298109,-0.4924681,-1.664714,-58.99156,8.244507,0.01767175,0.89025,0.1282894,-0.4366745,19.11404,-52.84695,9.7659
26.02.2024 10:34:57,0.03252385,-0.8649856,-0.004215932,0.5007238,-1.448448,-60.08762,8.468903,0.01829255,0.8862193,0.1277762,-0.4449203,19.04907,-53.90981,9.806122
26.02.2024 10:34:57,0.03242335,-0.8606161,-0.005832274,0.5081877,-1.313082,-61.08252,8.540375,0.01944563,0.8818143,0.1275719,-0.4535977,19.04184,-55.03519,9.81543
26.02.2024 10:34:57,0.03193616,-0.8566484,-0.005804822,0.5148786,-1.314544,-61.97504,8.48056,0.02230043,0.8775745,0.1268459,-0.4618179,19.0773,-56.08054,9.613525
26.02.2024 10:34:57,0.03182198,-0.8527189,-0.005151278,0.5213745,-1.397993,-62.84366,8.420288,0.02421153,0.8733409,0.1262738,-0.4698344,19.08203,-57.11618,9.515656
26.02.2024 10:34:57,0.03226635,-0.8487901,-0.004845731,0.5277222,-1.480076,-63.69691,8.434601,0.0242906,0.8687122,0.1257286,-0.4784783,18.98624,-58.25777,9.61731
26.02.2024 10:34:57,0.03237698,-0.844521,-0.005626854,0.5345133,-1.438726,-64.61725,8.481171,0.02386793,0.8637598,0.125547,-0.4874294,18.89557,-59.45779,9.795807
26.02.2024 10:34:57,0.03160583,-0.8399061,-0.006026527,0.5417773,-1.382292,-65.60641,8.419098,0.02530875,0.8587863,0.1262028,-0.4959016,18.99658,-60.60135,9.829926
26.02.2024 10:34:57,0.03012856,-0.8356851,-0.005877447,0.5483505,-1.330449,-66.50543,8.257141,-0.02863948,-0.8545809,-0.1267066,0.5028088,19.20325,-61.52118,9.642792
26.02.2024 10:34:57,0.0288782,-0.8314658,-0.006599017,0.5547858,-1.207238,-67.39203,8.17334,-0.03234977,-0.8506087,-0.1266888,0.5092822,19.38733,-62.3735,9.381836
26.02.2024 10:34:57,0.02828216,-0.8267235,-0.007793312,0.5618432,-1.082637,-68.37015,8.183289,-0.03429695,-0.8462957,-0.1265357,0.5163296,19.45328,-63.32077,9.30069
26.02.2024 10:34:57,0.0281478,-0.8219861,-0.009444001,0.5687332,-0.9449361,-69.33185,8.269012,-0.03675026,-0.8420909,-0.1268312,0.5229209,19.59836,-64.21611,9.192719
26.02.2024 10:34:57,0.02823626,-0.8170883,-0.01208224,0.575694,-0.7314799,-70.31259,8.443207,-0.04060186,-0.8381964,-0.1268186,0.5288623,19.80579,-65.00935,8.918854
26.02.2024 10:34:57,0.02821034,-0.8126318,-0.014319,0.5819181,-0.5477594,-71.19507,8.58429,-0.04426678,-0.8350343,-0.1259579,0.5337535,19.9285,-65.64412,8.591736
26.02.2024 10:34:57,0.02756312,-0.8080052,-0.0157424,0.5883197,-0.4006138,-72.1051,8.615875,-0.04655078,-0.8321638,-0.1246209,0.5383365,19.92355,-66.23932,8.364014
26.02.2024 10:34:57,0.02609433,-0.8029094,-0.01727966,0.595279,-0.1901543,-73.10071,8.581909,-0.04830124,-0.8292263,-0.1215867,0.5433853,19.72253,-66.87151,8.083862
26.02.2024 10:34:57,0.02406391,-0.7976393,-0.01954195,0.6023377,5.125244,-74.12047,8.550629,-0.04902984,-0.8264904,-0.11906,0.5480278,19.50967,-67.46779,7.927948
26.02.2024 10:34:57,0.02184912,-0.7919612,-0.02251344,0.609765,5.516479,-75.20448,8.55838,-0.04840107,-0.8235803,-0.1160829,0.5530802,19.16684,-68.12483,7.87796
26.02.2024 10:34:57,0.01998965,-0.7858782,-0.02489732,0.6175565,5.827545,-76.3475,8.564728,-0.04889315,-0.8201222,-0.1129754,0.5587894,18.88354,-68.86823,7.719604
26.02.2024 10:34:57,0.01867139,-0.7796372,-0.02621105,0.6254041,6.003632,-77.50238,8.549347,-0.04865154,-0.8164901,-0.1103396,0.5646258,18.59885,-69.64743,7.66272
26.02.2024 10:34:57,0.01758424,-0.7730635,-0.02670248,0.6335225,6.088989,-78.70221,8.499023,-0.04789969,-0.8127292,-0.1070811,0.5707106,18.22229,-70.457,7.612091
26.02.2024 10:34:57,0.0167689,-0.7667505,-0.02688673,0.6411627,6.130371,-79.83929,8.451538,-0.04713941,-0.8086691,-0.1053533,0.57683,17.98962,-71.30453,7.664703
26.02.2024 10:34:57,0.01650138,-0.7604759,-0.02631983,0.6486228,6.0672,-80.9545,8.396851,-0.04607194,-0.8056507,-0.1046087,0.5812586,17.83331,-71.93243,7.784943
26.02.2024 10:34:57,0.01700002,-0.7544839,-0.02430561,0.6556481,5.824188,-82.00516,8.298065,-0.04535615,-0.8034241,-0.1061002,0.5841193,17.91315,-72.37706,8.003387
26.02.2024 10:34:57,0.01786636,-0.7488898,-0.02028916,0.6621429,5.385529,-82.9744,8.074219,-0.0490052,-0.8013157,-0.1084048,0.5862936,18.36749,-72.7186,7.861938
26.02.2024 10:34:57,0.01952942,-0.7436104,-0.01532533,0.6681522,-0.1893688,-83.87625,7.838684,-0.05264025,-0.7976466,-0.1093568,0.5907876,18.68918,-73.37236,7.66861
26.02.2024 10:34:57,0.02178808,-0.7389646,-0.01067677,0.6733073,-0.7769909,-84.65829,7.669983,-0.05307539,-0.7934856,-0.1110674,0.5960099,18.85867,-74.16818,7.843597
26.02.2024 10:34:57,0.02486842,-0.7343978,-0.006454322,0.6782328,-1.389736,-85.41486,7.5961,-0.05209631,-0.7895202,-0.1136818,0.6008497,19.01123,-74.93925,8.211151
26.02.2024 10:34:57,0.02829258,-0.7302282,-0.000950814,0.6826167,-2.134036,-86.0943,7.444275,-0.0541942,-0.7853583,-0.1143444,0.6059709,19.19855,-75.70026,8.160858
26.02.2024 10:34:57,0.03105112,-0.7267485,0.004902319,0.6861841,-2.851015,-86.65622,7.203705,-0.05526974,-0.7831172,-0.1149876,0.6086465,19.32236,-76.10651,8.159821
26.02.2024 10:34:57,0.03351805,-0.7231176,0.0104516,0.6898321,-3.517828,-87.24097,6.955292,-0.05585362,-0.7804956,-0.1152496,0.6119024,19.37442,-76.59433,8.187103
26.02.2024 10:34:57,0.03534919,-0.719626,0.01405219,0.6933191,-3.970404,-87.80423,6.803192,-0.05563186,-0.7764394,-0.1186564,0.6164153,19.64584,-77.34839,8.549164
26.02.2024 10:34:57,0.03677378,-0.7162473,0.01692896,0.6966714,-4.329328,-88.34924,6.671753,-0.05626314,-0.7727423,-0.1218111,0.6203757,19.95532,-78.01678,8.809174
26.02.2024 10:34:57,0.03864358,-0.7132152,0.02047699,0.6995795,-4.776982,-88.83054,6.522186,-0.0589108,-0.7705323,-0.1218531,0.6228656,20.13953,-78.38293,8.623779
26.02.2024 10:34:57,0.04029698,-0.7106297,0.02367109,0.7020124,-5.176305,-89.23846,6.383026,-0.05892681,-0.7707056,-0.1228785,0.622448,20.23413,-78.34503,8.692596
26.02.2024 10:34:57,0.0421172,-0.708532,0.02627679,0.7039305,-5.539448,-89.56348,6.306183,-0.05879127,-0.7701681,-0.1247517,0.6227534,20.3898,-78.43866,8.85498
26.02.2024 10:34:57,0.04398538,-0.7070103,0.02874031,0.7052488,-5.893556,-89.79285,6.24762,-0.05891323,-0.7688776,-0.1269145,0.6238984,20.58545,-78.6669,9.034454
26.02.2024 10:34:57,0.04609632,-0.7064475,0.03195539,0.7055395,-6.326566,-89.86246,6.155182,-0.06146384,-0.7668371,-0.1281688,0.6259041,20.87326,-78.9939,8.945099
26.02.2024 10:34:57,0.0483066,-0.7065928,0.0363732,0.7050321,-6.864256,-89.81454,5.979828,-0.0635961,-0.7668757,-0.1261269,0.6260585,20.84744,-78.95578,8.598877
26.02.2024 10:34:57,0.05019482,-0.7074255,0.04130178,0.7037925,-7.416973,-89.65674,5.744354,-0.0610031,-0.7682057,-0.1264115,0.624627,20.68976,-78.75598,8.823242
26.02.2024 10:34:57,0.05265913,-0.7086813,0.046285,0.7020367,-8.021223,-89.42114,5.55835,-0.06191944,-0.7690977,-0.1261277,0.6234955,20.737,-78.57315,8.695374
26.02.2024 10:34:57,0.05651632,-0.7106228,0.05232302,0.6993451,-8.824748,-89.05151,5.414001,-0.06455023,-0.7697403,-0.1257358,0.6225141,20.89853,-78.4032,8.407928
26.02.2024 10:34:57,0.06065555,-0.7127642,0.05799708,0.6963652,-9.622347,-88.63864,5.33078,-0.06551863,-0.7698867,-0.126852,0.6220052,21.07104,-78.35028,8.395966
26.02.2024 10:34:57,0.06445117,-0.7152079,0.06270005,0.6931034,-10.31325,-88.1738,5.307312,-0.06578849,-0.7697771,-0.1282279,0.6218302,21.21439,-78.35797,8.474091
26.02.2024 10:34:57,0.06815161,-0.7178774,0.06702901,0.6895757,-10.96613,-87.66577,5.315491,-0.06627226,-0.7689083,-0.1297664,0.6225341,21.38382,-78.50293,8.56485
26.02.2024 10:34:58,0.0718181,-0.7210384,0.07196952,0.6853949,-11.66757,-87.06714,5.287384,-0.06810006,-0.7684292,-0.1307289,0.6227271,21.60233,-78.54968,8.479218
26.02.2024 10:34:58,0.07560959,-0.7243798,0.0781857,0.6807673,-12.48696,-86.42465,5.181183,-0.0689139,-0.7689658,-0.1325183,0.621596,21.82666,-78.42163,8.519562
26.02.2024 10:34:58,0.0786737,-0.728213,0.08460731,0.6755428,-13.26877,-85.70059,5.01593,-0.0693328,-0.7700185,-0.1336752,0.6199964,21.96796,-78.20752,8.535431
26.02.2024 10:34:58,0.08131093,-0.7322568,0.09024929,0.6701072,-13.95415,-84.93842,-0.1105445,-0.06974612,-0.7704273,-0.1342721,0.6193129,22.05463,-78.11783,8.528839
26.02.2024 10:34:58,0.0837139,-0.7361031,0.09526071,0.6648833,-14.57004,-84.20566,-0.2030776,-0.06948988,-0.7708645,-0.1343154,0.6187879,22.04227,-78.04047,8.543427
26.02.2024 10:34:58,0.08595141,-0.7394129,0.1000049,0.6602121,-15.15209,-83.56152,-0.2933412,-0.0693068,-0.7714949,-0.1337241,0.6181505,21.97888,-77.92856,8.499756
26.02.2024 10:34:58,0.08844969,-0.7423142,0.1047078,0.6558831,-15.7522,-82.97513,-0.3594054,-0.06859662,-0.771917,-0.1341985,0.6175998,21.97238,-77.86118,8.588257
26.02.2024 10:34:58,0.09045816,-0.7449744,0.1091656,0.6518538,-16.29495,-82.4364,-0.4502124,-0.06791387,-0.772437,-0.1348556,0.6168815,21.9852,-77.77332,8.684631
26.02.2024 10:34:58,0.09150489,-0.7473353,0.1126716,0.6483996,-16.68264,-81.97275,-0.5588288,-0.0675578,-0.7733454,-0.1351757,0.6157113,21.99374,-77.60645,8.715179
26.02.2024 10:34:58,0.09178781,-0.7496925,0.1152025,0.6451858,-16.92821,-81.5289,-0.6605339,-0.06655934,-0.7745157,-0.1362035,0.6141205,22.02173,-77.39862,8.849091
26.02.2024 10:34:58,0.09169793,-0.7519758,0.116837,0.6422407,-17.0677,-81.10876,-0.729174,-0.06591058,-0.775646,-0.1372483,0.6125292,22.077,-77.19009,8.952515
26.02.2024 10:34:58,0.09173205,-0.7537897,0.1179335,0.6399047,-17.16915,-80.77139,-0.7579582,-0.06767993,-0.7770289,-0.1366206,0.6107212,22.15656,-76.8912,8.702087
26.02.2024 10:34:58,0.09159122,-0.7552857,0.1189271,0.6379741,-17.24832,-80.496,-0.8033271,-0.0683675,-0.7784583,-0.1369134,0.6087556,22.24158,-76.59946,8.616943
26.02.2024 10:34:58,0.09117952,-0.7566543,0.1195655,0.6362899,-17.27587,-80.25189,-0.8505038,-0.0680012,-0.7795673,-0.1375397,0.6072344,22.27921,-76.38959,8.663605
26.02.2024 10:34:58,0.09063552,-0.7579007,0.1201072,0.6347802,-17.28506,-80.03348,-0.9059958,-0.06899048,-0.7806159,-0.1368987,0.6059191,22.29767,-76.16934,8.49408
26.02.2024 10:34:58,0.09032676,-0.7593272,0.1199787,0.6331417,-17.25263,-79.77826,-0.8850797,-0.06789003,-0.7822405,-0.13706,0.6039085,22.2431,-75.8782,8.561676
26.02.2024 10:34:58,0.08987433,-0.7606157,0.1194547,0.6317571,-17.17407,-79.55383,-0.8523822,-0.06820644,-0.7833893,-0.1368778,0.6024232,22.25565,-75.64923,8.485077
26.02.2024 10:34:58,0.08928107,-0.7618966,0.1185722,0.6304627,-17.053,-79.33591,-0.8069784,-0.06661332,-0.7842897,-0.1378156,0.6012148,22.23386,-75.50269,8.675354
26.02.2024 10:34:58,0.08885396,-0.7631378,0.1182224,0.6290861,-16.99172,-79.11786,-0.7865701,-0.06680121,-0.7847913,-0.1379234,0.6005143,22.26025,-75.3999,8.65033
26.02.2024 10:34:58,0.08838829,-0.7642523,0.1179799,0.6278429,-16.93705,-78.9234,-0.7812652,-0.06634913,-0.785498,-0.1385849,0.5994872,22.29355,-75.267,8.718658
26.02.2024 10:34:58,0.08805265,-0.7653267,0.1176927,0.626634,-16.88791,-78.73294,-0.7618139,-0.0662848,-0.7864965,-0.1387744,0.5981399,22.31268,-75.07159,8.708344
26.02.2024 10:34:58,0.08741602,-0.7663921,0.1177357,0.6254118,-16.84631,-78.5498,-0.7948328,-0.06561319,-0.787153,-0.1389876,0.5973002,22.28894,-74.95621,8.767517
26.02.2024 10:34:58,0.08701902,-0.7673612,0.1181463,0.6242003,-16.85535,-78.3761,-0.8348203,-0.06558397,-0.7878518,-0.1391255,0.5963493,22.30408,-74.8186,8.759064
26.02.2024 10:34:58,0.08648089,-0.7684138,0.1184494,0.6229213,-16.84466,-78.19049,-0.8778309,-0.06586804,-0.7887039,-0.1402125,0.5949353,22.43039,-74.63596,8.782135
26.02.2024 10:34:58,0.08605009,-0.7696189,0.1186791,0.6214479,-16.8356,-77.97336,-0.9012014,-0.06717201,-0.7895613,-0.1404813,0.5935873,22.55264,-74.43498,8.65033
26.02.2024 10:34:58,0.08573117,-0.7705407,0.1189473,0.6202974,-16.83791,-77.80609,-0.9247147,-0.06702951,-0.7900324,-0.1410468,0.592842,22.59814,-74.34045,8.688782
26.02.2024 10:34:58,0.08554045,-0.7714481,0.1194049,0.6191068,-16.86674,-77.63672,-0.9501275,-0.06652981,-0.7904618,-0.1411566,0.5922995,22.5759,-74.26604,8.731049
26.02.2024 10:34:58,0.0851374,-0.7722837,0.1195757,0.6180868,-16.85421,-77.48785,-0.9768373,-0.06649717,-0.7908495,-0.1404962,0.5919427,22.51453,-74.1955,8.676666
26.02.2024 10:34:58,0.08455749,-0.7731099,0.1195177,0.617144,-16.8082,-77.34641,-1.004069,-0.06613977,-0.791255,-0.1400526,0.5915458,22.45065,-74.12701,8.667847
26.02.2024 10:34:58,0.08386063,-0.7738091,0.1193091,0.6164026,-16.73998,-77.23273,-1.035176,-0.06581626,-0.7914212,-0.1400248,0.5913662,22.42639,-74.10168,8.691864
26.02.2024 10:34:58,0.0830337,-0.7744078,0.1188626,0.6158488,-16.64067,-77.1427,-1.064436,-0.06570433,-0.791563,-0.140071,0.5911778,22.42374,-74.07571,8.701447
26.02.2024 10:34:58,0.0820886,-0.7750542,0.1185496,0.6152223,-16.54511,-77.04553,-1.113146,-0.06616048,-0.7919034,-0.1398979,0.5907118,22.44168,-73.99925,8.635498
26.02.2024 10:34:58,0.08114796,-0.7758055,0.1178478,0.6145346,-16.41487,-76.93036,-1.130949,-0.06623201,-0.7925423,-0.1399318,0.5898383,22.45377,-73.87042,8.611511
26.02.2024 10:34:58,0.08067273,-0.7763079,0.1168502,0.6141531,-16.2909,-76.85263,-1.090892,-0.06604474,-0.7933794,-0.1397728,0.5887705,22.43094,-73.70953,8.593018
26.02.2024 10:34:58,0.07985301,-0.7767864,0.1156576,0.613881,-16.12436,-76.78903,-1.070194,-0.06558266,-0.7942571,-0.1393409,0.5877404,22.36371,-73.54895,8.581024
26.02.2024 10:34:58,0.0787875,-0.7773776,0.1143347,0.6135179,-15.9285,-76.71042,-1.060501,-0.06511123,-0.7957031,-0.1383223,0.5860752,22.24432,-73.27982,8.512726
26.02.2024 10:34:58,0.07701215,-0.7781531,0.1125741,0.6130857,-15.64224,-76.61584,-1.081801,-0.06521007,-0.7979737,-0.1356522,0.5835959,22.01407,-72.84622,8.25293
26.02.2024 10:34:58,0.07528029,-0.7789056,0.1104064,0.6127393,-15.3222,-76.526,-1.071072,-0.06184832,-0.8006571,-0.1324236,0.5810225,21.49445,-72.41083,8.278961
26.02.2024 10:34:58,0.07374717,-0.7796224,0.1081402,0.6124182,-15.00748,-76.43799,-1.036012,-0.05642202,-0.8041033,-0.1294206,0.5774814,20.86075,-71.85724,8.500793
26.02.2024 10:34:58,0.07260808,-0.7806216,0.1061376,0.6116312,-14.74546,-76.285,-0.9761562,-0.05248201,-0.806111,-0.1277146,0.5754301,20.44443,-71.54437,8.709961
26.02.2024 10:34:58,0.07139599,-0.781939,0.1043576,0.6103963,-14.49895,-76.07108,-0.931802,-0.05024026,-0.8080963,-0.1250762,0.5734215,20.05612,-71.20724,8.695709
26.02.2024 10:34:58,0.07038457,-0.7832821,0.1025684,0.6090936,-14.26586,-75.84714,-0.8682258,-0.04992668,-0.8115872,-0.1203287,0.5695214,19.60675,-70.54303,8.318756
26.02.2024 10:34:58,0.0691526,-0.7848766,0.1007046,0.607491,-14.01055,-75.57959,-0.8150584,-0.04953179,-0.8145033,-0.1164763,0.5661839,19.2308,-69.98657,8.028198
26.02.2024 10:34:58,0.06809276,-0.7864277,0.09859773,0.6059483,-13.74502,-75.31711,-0.7308531,-0.04880727,-0.8159095,-0.1157418,0.56437,19.12039,-69.71716,8.014374
26.02.2024 10:34:58,0.06715088,-0.7880556,0.09650359,0.6042734,-13.4888,-75.03647,-0.6358798,-0.04790205,-0.8157631,-0.1171863,0.5643612,19.19724,-69.75113,8.200043
26.02.2024 10:34:58,0.06629211,-0.7897561,0.09465738,0.6024374,-13.26093,-74.73775,-0.5498758,-0.04921389,-0.8160201,-0.1169522,0.5639251,19.26321,-69.67603,8.051086
26.02.2024 10:34:59,0.06585272,-0.7914874,0.09328363,0.6004243,-13.1055,-74.42064,-0.4574698,-0.05004862,-0.8168564,-0.1173069,0.5625655,19.35666,-69.48438,7.971527
26.02.2024 10:34:59,0.06564128,-0.7931933,0.09245277,0.5983211,-13.01552,-74.09952,-0.3822713,-0.05058745,-0.8183523,-0.1172675,0.560347,19.39618,-69.1644,7.877502
26.02.2024 10:34:59,0.06537599,-0.794871,0.09171167,0.596234,-12.92978,-73.78343,-0.3193448,-0.05108797,-0.818895,-0.1183963,0.5592704,19.53979,-69.03123,7.88739
26.02.2024 10:34:59,0.06504104,-0.7965262,0.09125951,0.5941273,-12.8657,-73.47034,-0.2836169,-0.05272133,-0.8190324,-0.1191054,0.5587668,19.71555,-68.96358,7.770111
26.02.2024 10:34:59,0.06454998,-0.7980297,0.09049411,0.5922776,-12.76172,-73.19115,-0.2449569,-0.05425743,-0.8192044,-0.1189321,0.5584044,19.80054,-68.89828,7.604187
26.02.2024 10:34:59,0.06373718,-0.7995424,0.0895526,0.5904658,-12.61927,-72.91698,-0.2251307,-0.05498263,-0.8193559,-0.1186678,0.5581674,19.82343,-68.85434,7.512146
26.02.2024 10:34:59,0.06292284,-0.8007638,0.08873304,0.58902,-12.48794,-72.6985,-0.2205582,-0.05492261,-0.8195123,-0.118813,0.5579128,19.83414,-68.8215,7.523102
26.02.2024 10:34:59,0.06216422,-0.8019171,0.08830629,0.587594,-12.39694,-72.48917,-0.239078,-0.05373224,-0.8199605,-0.1188797,0.5573556,19.76465,-68.75165,7.631714
26.02.2024 10:34:59,0.06162313,-0.8032779,0.08763439,0.5858904,-12.29812,-72.23541,-0.2162291,-0.05345001,-0.8205268,-0.1185373,0.5566219,19.71606,-68.64233,7.62204
26.02.2024 10:34:59,0.06114001,-0.8044879,0.08703913,0.5843675,-12.21029,-72.00916,-0.1965518,-0.05351041,-0.8211358,-0.1182542,0.5557775,19.69568,-68.51636,7.581512
26.02.2024 10:34:59,0.06060361,-0.8056462,0.08671912,0.5828732,-12.14452,-71.79184,-0.2017483,-0.0537562,-0.8220724,-0.1179614,0.5544298,19.6879,-68.31775,7.513367
26.02.2024 10:34:59,0.05991144,-0.8065557,0.08646034,0.5817244,-12.07395,-71.62616,-0.2313422,-0.05333888,-0.8226931,-0.1181882,0.5535004,19.68539,-68.19351,7.552002
26.02.2024 10:34:59,0.05914563,-0.807433,0.08618279,0.5806259,-11.99677,-71.46802,-0.2675512,-0.05276155,-0.8231159,-0.1189219,0.5527694,19.72043,-68.10881,7.643951
26.02.2024 10:34:59,0.05808136,-0.8083861,0.08568455,0.5794796,-11.87905,-71.30148,-0.3162026,-0.05246533,-0.8239486,-0.1192776,0.551479,19.73947,-67.93555,7.672974
26.02.2024 10:34:59,0.05700523,-0.8092467,0.08507597,0.5784742,-11.75031,-71.15381,-0.3608457,-0.05276903,-0.8251773,-0.1192504,0.5496156,19.76239,-67.66968,7.607758
26.02.2024 10:34:59,0.05582393,-0.8100365,0.0837752,0.5776733,-11.5497,-71.02631,-0.3713829,-0.05170278,-0.8262647,-0.1198123,0.5479585,19.75314,-67.45471,7.718414
26.02.2024 10:34:59,0.05400165,-0.8107537,0.08138809,0.5771813,-11.20435,-70.93126,-0.3730783,-0.05066282,-0.8266965,-0.1201734,0.5473248,19.72333,-67.38004,7.831818
26.02.2024 10:34:59,0.05146924,-0.8115874,0.07763085,0.5767585,-10.68324,-70.83211,-0.350128,-0.04989908,-0.8270789,-0.1201141,0.5468301,19.67053,-67.31451,7.892853
26.02.2024 10:34:59,0.04821929,-0.8124781,0.07315864,0.5763699,-10.04746,-70.73416,-0.3478881,-0.04906474,-0.8278997,-0.1199429,0.5457001,19.60483,-67.15785,7.941864
26.02.2024 10:34:59,0.04444453,-0.813665,0.06750225,0.5756887,-9.266156,-70.58615,-0.3131794,-0.04835187,-0.8288924,-0.120394,0.5441552,19.60828,-66.9549,8.013336
26.02.2024 10:34:59,0.04093971,-0.8146376,0.06231541,0.5751578,-8.54711,-70.46796,-0.288558,-0.04782602,-0.8297844,-0.1205733,0.5428008,19.59705,-66.77213,8.052002
26.02.2024 10:34:59,0.03831803,-0.8155439,0.05848174,0.574456,-8.013875,-70.33951,-0.2713859,-0.04727712,-0.8305186,-0.1208795,0.5416567,19.59598,-66.62183,8.105194
26.02.2024 10:34:59,0.03654282,-0.8164616,0.05610197,0.5735048,-7.673346,-70.18863,-0.270446,-0.04694847,-0.8309275,-0.1212471,0.5409754,19.61313,-66.53619,8.149353
26.02.2024 10:34:59,0.03559632,-0.8171366,0.05468264,0.5727393,-7.477754,-70.07086,-0.2579448,-0.04626456,-0.8308271,-0.1214925,0.5411335,19.5929,-66.56824,8.235046
26.02.2024 10:34:59,0.03470197,-0.8177254,0.05323594,0.57209,-7.282986,-69.96942,-0.2401825,-0.0458462,-0.8308619,-0.121958,0.541011,19.61169,-66.56364,8.304474
26.02.2024 10:34:59,0.03370218,-0.8182299,0.05146411,0.5715904,-7.050645,-69.88702,-0.2124855,-0.04684195,-0.8307961,-0.1221671,0.5409796,19.69498,-66.5564,8.220886
26.02.2024 10:34:59,0.03258703,-0.8187294,0.04999511,0.57107,-6.839233,-69.80502,-0.2159087,-0.04822878,-0.8298449,-0.1213004,0.5425105,19.69363,-66.74336,8.056
26.02.2024 10:34:59,0.03168666,-0.8191743,0.04914842,0.5705558,-6.700549,-69.72859,-0.2405697,-0.04743915,-0.8288096,-0.1213877,0.5441409,19.64572,-66.97966,8.167969
26.02.2024 10:34:59,0.03172229,-0.8194252,0.04823815,0.5702711,-6.617222,-69.68134,-0.1747453,-0.04592,-0.8284894,-0.1215483,0.5447226,19.56216,-67.07538,8.336578
26.02.2024 10:34:59,0.03166969,-0.8195494,0.04741623,0.5701644,-6.536363,-69.66016,-0.124589,-0.04538289,-0.8280701,-0.1213672,0.545445,19.50763,-67.17688,8.389465
26.02.2024 10:34:59,0.03172404,-0.8193204,0.04705092,0.5705209,-6.505467,-69.70721,-0.09819323,-0.04428099,-0.8281368,-0.1213158,0.5454459,19.43243,-67.18356,8.492828
26.02.2024 10:34:59,0.03166546,-0.8193653,0.04683285,0.5704775,-6.48109,-69.69965,-0.08897693,-0.04531107,-0.8275459,-0.1190669,0.546752,19.27725,-67.31384,8.265656
26.02.2024 10:34:59,0.03168005,-0.8192728,0.04661617,0.5706273,-6.461626,-69.71899,-0.07448253,-0.04454998,-0.8265936,-0.1179611,0.5484921,19.11578,-67.54124,8.295624
26.02.2024 10:34:59,0.03155208,-0.819132,0.04616311,0.5708733,-6.410545,-69.75046,-0.05857526,-0.03959943,-0.8257729,-0.117467,0.5502114,18.74365,-67.80539,8.769653
26.02.2024 10:34:59,0.03151147,-0.8187214,0.04580678,0.571493,-6.3743,-69.83492,-0.04371645,-0.0355733,-0.8251726,-0.1157743,0.5517437,18.31604,-68.01172,9.068848
26.02.2024 10:34:59,0.0313415,-0.8182223,0.04581306,0.572216,-6.363667,-69.93695,-0.06579746,-0.03237963,-0.8249782,-0.1135815,0.5526862,17.89682,-68.11926,9.243256
26.02.2024 10:34:59,0.03122801,-0.8176829,0.04571201,0.5730008,-6.34663,-70.04681,-0.07591324,-0.02986288,-0.8253655,-0.1127798,0.5524135,17.65985,-68.07973,9.426666
26.02.2024 10:34:59,0.03145068,-0.8171072,0.04566303,0.5738133,-6.356639,-70.1601,-0.05805087,-0.03104023,-0.8260692,-0.111935,0.5514678,17.66016,-67.92342,9.242218
26.02.2024 10:34:59,0.03138497,-0.8166606,0.04552253,0.5744635,-6.339064,-70.25073,-0.05997268,-0.03429759,-0.8261025,-0.1125239,0.551105,17.92737,-67.86481,8.96286
26.02.2024 10:34:59,0.03131783,-0.8162894,0.04535407,0.5750079,-6.318779,-70.32629,-0.059322,-0.03679141,-0.8256748,-0.1141208,0.5512568,18.23917,-67.90256,8.83255
26.02.2024 10:34:59,0.03101992,-0.8161919,0.04531751,0.5751652,-6.295643,-70.34894,-0.08610198,-0.03785201,-0.8252796,-0.115632,0.5514619,18.4505,-67.95509,8.835449
26.02.2024 10:34:59,0.03102613,-0.8160763,0.04500525,0.5753534,-6.266747,-70.37314,-0.06619826,-0.03746535,-0.8248487,-0.1180678,0.5516168,18.65701,-68.02908,9.039337
26.02.2024 10:34:59,0.03091341,-0.8160737,0.0449215,0.5753697,-6.251436,-70.37509,-0.07133865,-0.03885336,-0.824546,-0.1198794,0.5515826,18.91922,-68.05318,9.027557
26.02.2024 10:34:59,0.03068019,-0.8161489,0.04508178,0.575263,-6.251059,-70.36185,-0.1030897,-0.04129069,-0.8259743,-0.1204701,0.5491342,19.14395,-67.70483,8.790161
26.02.2024 10:35:00,0.03021229,-0.816367,0.04502131,0.5749828,-6.214499,-70.32318,-0.140877,-0.04414509,-0.8263158,-0.1212703,0.5482216,19.40756,-67.57394,8.552277
26.02.2024 10:35:00,0.0300722,-0.8165729,0.04476713,0.5747176,-6.181439,-70.28433,-0.1351227,-0.04631357,-0.8263196,-0.1211535,0.5480629,19.53601,-67.53433,8.33194
26.02.2024 10:35:00,0.03001528,-0.8167165,0.04447705,0.574539,-6.150486,-70.25723,-0.1198449,-0.0473774,-0.8259066,-0.1200988,0.5488261,19.50027,-67.61276,8.171814
26.02.2024 10:35:00,0.03024817,-0.8168014,0.04444961,0.5744083,-6.163303,-70.23804,-0.09514253,-0.04649955,-0.8250027,-0.1187741,0.5505461,19.31061,-67.83405,8.198059
26.02.2024 10:35:00,0.03023886,-0.8169155,0.04449786,0.5742428,-6.167238,-70.21515,-0.09796809,-0.04296359,-0.8245915,-0.1163911,0.5519567,18.84985,-68.00772,8.402893
26.02.2024 10:35:00,0.0303521,-0.8169689,0.04451571,0.5741593,-6.176396,-70.20323,-0.08787271,-0.04073604,-0.8248389,-0.1156808,0.5519052,18.63885,-68.00037,8.568604
26.02.2024 10:35:00,0.0303337,-0.8168937,0.04454745,0.5742649,-6.17815,-70.21835,-0.09251159,-0.0380705,-0.8262143,-0.1171216,0.5497301,18.61475,-67.74045,8.885681
26.02.2024 10:35:00,0.03036466,-0.8167942,0.04483769,0.5743822,-6.207425,-70.23691,-0.1097687,-0.03817282,-0.8265063,-0.1176356,0.549174,18.673,-67.67215,8.901001
26.02.2024 10:35:00,0.03002914,-0.8167537,0.04508239,0.5744382,-6.208232,-70.24745,-0.1579901,-0.03820603,-0.8256969,-0.1182864,0.5502484,18.73215,-67.83633,8.959686
26.02.2024 10:35:00,0.0299259,-0.816864,0.04544254,0.5742585,-6.235261,-70.2251,-0.1902456,-0.03793855,-0.8264239,-0.1196485,0.5488791,18.85159,-67.6738,9.053864
26.02.2024 10:35:00,0.02979095,-0.8169748,0.0456985,0.5740876,-6.250426,-70.20331,-0.2186216,-0.04052252,-0.8271835,-0.1223218,0.5469578,19.28192,-67.44284,8.950806
26.02.2024 10:35:00,0.02962081,-0.8171082,0.04568323,0.5739075,-6.237817,-70.17831,-0.232225,-0.04439639,-0.8271759,-0.122879,0.5465437,19.5849,-67.36986,8.60611
26.02.2024 10:35:00,0.02948726,-0.8173714,0.04574851,0.5735344,-6.23525,-70.12668,-0.2462598,-0.04617985,-0.8268986,-0.122512,0.5468976,19.66229,-67.39954,8.415192
26.02.2024 10:35:00,0.02928988,-0.8175877,0.04573964,0.5732368,-6.2215,-70.08527,-0.2619637,-0.04572273,-0.8273029,-0.1224916,0.5463289,19.63348,-67.32227,8.447815
26.02.2024 10:35:00,0.02914859,-0.8177549,0.04562139,0.5730149,-6.201154,-70.05356,-0.2657274,-0.04712725,-0.8276126,-0.1210803,0.546055,19.58899,-67.24457,8.212158
26.02.2024 10:35:00,0.02900904,-0.817935,0.04573227,0.5727559,-6.202472,-70.01837,-0.2842382,-0.0482977,-0.827827,-0.1190908,0.5460653,19.47281,-67.19731,7.96582
26.02.2024 10:35:00,0.02892786,-0.817967,0.04542882,0.5727386,-6.168614,-70.01389,-0.2716435,-0.04733589,-0.8267059,-0.1181917,0.5480396,19.31799,-67.4635,8.033844
26.02.2024 10:35:00,0.02897593,-0.8180534,0.04504853,0.5726427,-6.136064,-69.99747,-0.2412065,-0.04464259,-0.8260024,-0.1182295,0.5493168,19.1441,-67.66212,8.319061
26.02.2024 10:35:00,0.02875032,-0.8180465,0.04463561,0.5726964,-6.082388,-70.00256,-0.2355,-0.04389995,-0.8266909,-0.1172563,0.5485491,19.0065,-67.53935,8.312164
26.02.2024 10:35:00,0.02836214,-0.8179115,0.04399922,0.5729577,-5.996952,-70.03564,-0.2318247,-0.04234866,-0.8269078,-0.1177901,0.5482295,18.95953,-67.51543,8.492279
26.02.2024 10:35:00,0.02778569,-0.8178956,0.04375823,0.5730271,-5.93633,-70.04509,-0.2706113,-0.04323398,-0.827258,-0.1180901,0.5475672,19.04767,-67.42258,8.415405
26.02.2024 10:35:00,0.02734356,-0.8179097,0.04346124,0.573051,-5.879305,-70.04741,-0.2927119,-0.04535731,-0.8266393,-0.1180458,0.5483389,19.17621,-67.51601,8.220612
26.02.2024 10:35:00,0.02724206,-0.8178819,0.04261146,0.573159,-5.792747,-70.05682,-0.2467568,-0.04574751,-0.8257015,-0.1178536,0.5497589,19.17734,-67.70941,8.194855
26.02.2024 10:35:00,0.02718737,-0.8177194,0.0420149,0.5734376,-5.733027,-70.09196,-0.2143599,-0.0437445,-0.8253159,-0.1180391,0.5504607,19.06357,-67.82526,8.412842
26.02.2024 10:35:00,0.02698628,-0.8176278,0.04141026,0.5736216,-5.662945,-70.11417,-0.1945042,-0.04291613,-0.8258066,-0.1183701,0.5497184,19.04507,-67.73294,8.502136
26.02.2024 10:35:00,0.02655344,-0.8176262,0.04079853,0.5736879,-5.576958,-70.12039,-0.1951368,-0.04301976,-0.8262966,-0.1187869,0.5488833,19.09509,-67.62325,8.505646
26.02.2024 10:35:00,0.02625335,-0.817538,0.0400578,0.5738797,-5.487586,-70.14313,-0.1755857,-0.04426565,-0.8252184,-0.1191692,0.5503217,19.2056,-67.82536,8.436249
26.02.2024 10:35:00,0.02607732,-0.8173348,0.03942314,0.5742209,-5.416332,-70.18735,-0.1523638,-0.04401823,-0.8241814,-0.1193317,0.5518581,19.1987,-68.047,8.498016
26.02.2024 10:35:00,0.02642563,-0.8169242,0.03900149,0.5748178,-5.399658,-70.26776,-0.09565227,-0.04314042,-0.8229526,-0.1200293,0.5536073,19.2009,-68.31424,8.660492
26.02.2024 10:35:00,0.02653166,-0.8164582,0.03844668,0.5755121,-5.354564,-70.36165,-0.05346546,-0.04348494,-0.8211376,-0.1199765,0.5562804,19.2063,-68.68901,8.670868
26.02.2024 10:35:00,0.02556459,-0.8161365,0.03752438,0.5760726,-5.204118,-70.43689,-0.08659559,-0.04352371,-0.8192008,-0.1193085,0.5592684,19.13208,-69.09828,8.674103
26.02.2024 10:35:00,0.02428934,-0.8157784,0.03661679,0.5766931,-5.034603,-70.52139,-0.1497681,-0.04226408,-0.8167917,-0.1202308,0.5626809,19.12094,-69.61069,8.917847
26.02.2024 10:35:00,0.02318752,-0.81479,0.03533468,0.5782139,-4.841258,-70.73013,-0.1768781,-0.04255606,-0.8147804,-0.1218962,0.5652109,19.28491,-70.00562,9.050201
26.02.2024 10:35:00,0.02289256,-0.8130011,0.0332407,0.5808616,-4.6256,-71.09225,-0.08008165,-0.0451102,-0.8131769,-0.1223599,0.5672183,19.48788,-70.28699,8.875793
26.02.2024 10:35:00,0.02330178,-0.8099763,0.03027228,0.5852172,-4.376661,-71.692,5.133087,-0.04862702,-0.811299,-0.1229969,0.5694746,19.77112,-70.60269,8.627899
26.02.2024 10:35:00,0.02357459,-0.8063936,0.02781961,0.5902539,-4.168914,-72.39499,5.297546,-0.05193085,-0.8093383,-0.1228582,0.571997,19.9678,-70.94174,8.352203
26.02.2024 10:35:00,0.0231534,-0.8021938,0.02598855,0.5960485,-3.973599,-73.21411,5.354156,-0.05548196,-0.806875,-0.1216012,0.5754023,20.07498,-71.38322,7.99231
26.02.2024 10:35:00,0.02259511,-0.7976364,0.02491573,0.6022,-3.839452,-74.09258,5.34668,-0.05800672,-0.8040296,-0.1196765,0.5795251,20.05106,-71.92261,7.696564
26.02.2024 10:35:00,0.0222734,-0.7922993,0.02446878,0.6092349,-3.779256,-75.10626,5.314667,-0.05867958,-0.8010435,-0.1178487,0.5839501,19.91205,-72.5218,7.587555
26.02.2024 10:35:00,0.02261346,-0.7857603,0.02410852,0.6176472,-3.774013,-76.32736,5.330536,-0.05720084,-0.7972986,-0.1168489,0.5893975,19.69983,-73.30252,7.757172
26.02.2024 10:35:00,0.02328448,-0.7787801,0.0238143,0.6264123,-3.799407,-77.61072,5.369324,-0.05655678,-0.7926981,-0.1161529,0.5957681,19.56854,-74.22386,7.886322
26.02.2024 10:35:00,0.0238687,-0.7712259,0.02344773,0.6356817,-3.813717,-78.98059,5.402283,-0.05859105,-0.7873027,-0.114862,0.6029332,19.5672,-75.24147,7.739014
26.02.2024 10:35:00,0.02407242,-0.7629902,0.02314249,0.6455471,-3.806939,-80.45438,5.393616,-0.06194334,-0.7815155,-0.113026,0.6104276,19.61288,-76.29819,7.438385
26.02.2024 10:35:00,0.0242433,-0.7542106,0.02298691,0.6557823,-3.811295,-82.00131,5.368683,-0.0636107,-0.7759179,-0.1121534,0.6175166,19.63171,-77.33197,7.357452
26.02.2024 10:35:00,0.02485156,-0.7446386,0.02288227,0.6666125,-3.853798,-83.65826,5.373474,-0.06516463,-0.7696112,-0.1114266,0.625329,19.65564,-78.48706,7.313477
26.02.2024 10:35:01,0.02530982,-0.7347651,0.02299087,0.6774594,-3.903632,-85.34079,5.347046,-0.06694843,-0.7629362,-0.109977,0.6335229,19.63364,-79.69363,7.202881
26.02.2024 10:35:01,0.02553075,-0.7247552,0.02300583,0.6881489,-3.926982,-87.02124,5.306915,-0.06791312,-0.7546269,-0.1089093,0.6434788,19.58246,-81.19458,7.230347
26.02.2024 10:35:01,0.02519001,-0.7145956,0.02283886,0.698711,-3.890058,-88.70416,5.23465,-0.06863744,-0.7462021,-0.1073392,0.6534138,19.47104,-82.69858,7.239624
26.02.2024 10:35:01,0.02482432,-0.7041698,0.02252719,0.7092398,-3.838177,-90.40527,5.172668,-0.06996861,-0.7374619,-0.1056995,0.6633868,19.40244,-84.22314,7.191681
26.02.2024 10:35:01,0.0245413,-0.6934348,0.02193191,0.7197673,-3.769616,-92.13031,5.141479,-0.07176297,-0.7290248,-0.104754,0.6726066,19.43451,-85.66193,7.147095
26.02.2024 10:35:01,0.02438619,-0.6826414,0.02154792,0.7300286,-3.728245,-93.83905,5.105225,-0.07374386,-0.7202219,-0.1037242,0.6819704,19.47699,-87.13977,7.086365
26.02.2024 10:35:01,0.02424693,-0.6717221,0.02164661,0.7400899,-3.725178,-95.54382,5.03064,-0.07507791,-0.7108208,-0.1022494,0.6918398,19.43289,-88.70981,7.056152
26.02.2024 10:35:01,0.02403712,-0.6608738,0.02195114,0.7497908,-3.730268,-97.21555,-0.0658301,-0.07604619,-0.7010565,-0.1010064,0.701808,19.38062,-90.32376,7.079468
26.02.2024 10:35:01,0.02407785,-0.6499897,0.02219927,0.7592371,-3.750979,-98.87027,-0.1382828,-0.07798517,-0.6914698,-0.09977008,0.71122,19.41275,-91.86829,7.015808
26.02.2024 10:35:01,0.02394938,-0.638285,0.02216708,0.7691081,-3.734728,-100.6278,-0.2023803,-0.08152671,-0.6813034,-0.09799833,0.7208159,19.54053,-93.45642,6.787201
26.02.2024 10:35:01,0.02379922,-0.6267945,0.0217329,0.7785178,-3.686682,-102.3314,-0.2299149,-0.08383713,-0.6712471,-0.09670568,0.7301005,19.61044,-95.02734,6.697144
26.02.2024 10:35:01,0.02318086,-0.6153206,0.02129133,0.7876484,-3.595879,-104.0143,-0.2877825,-0.0848571,-0.6608568,-0.09567039,0.7395369,19.59344,-96.65399,6.737762
26.02.2024 10:35:01,0.02219732,-0.6036252,0.02045056,0.7966967,-3.443143,-105.7105,-0.3322325,-0.08745727,-0.6500747,-0.09280206,0.7490941,19.57718,-98.28796,6.499603
26.02.2024 10:35:01,0.021252,-0.5917187,0.01963343,0.8056252,-3.295019,-107.4174,-0.3721213,-0.09040815,-0.6389192,-0.08833304,0.7588188,19.48236,-99.94513,6.096619
26.02.2024 10:35:01,0.02015719,-0.5789708,0.01916658,0.8148737,-3.155436,-109.2246,-0.4530896,-0.0912979,-0.6263215,-0.08303666,0.7697344,19.15616,-101.8293,5.795898
26.02.2024 10:35:01,0.01938232,-0.5667576,0.01895423,0.8234385,-3.06135,-110.9363,-0.5304719,-0.08906879,-0.6146958,-0.08093262,0.7795292,18.78986,-103.6041,5.984009
26.02.2024 10:35:01,0.01875171,-0.5541018,0.01812446,0.8320403,-2.939987,-112.6901,-0.5381419,-0.08902269,-0.6033625,-0.07899583,0.7885356,18.63416,-105.2768,6.011536
26.02.2024 10:35:01,0.01865839,-0.5403821,0.01669652,0.8410472,-2.833295,-114.5688,-0.4543311,-0.09159029,-0.5923497,-0.07651871,0.7967923,18.68646,-106.8395,5.792114
26.02.2024 10:35:01,0.01988494,-0.5003455,0.01433689,0.8654787,-2.79524,-119.9413,-0.28211,-0.1033601,-0.5539667,-0.06665329,0.8234045,19.1264,-112.1018,-0.2806959
26.02.2024 10:35:01,0.01886598,-0.4869481,0.01429911,0.8731101,-2.686438,-121.7106,-0.3783353,-0.1049261,-0.539871,-0.06612629,0.8325606,19.24768,-114.054,-0.188271
26.02.2024 10:35:01,0.01792811,-0.473925,0.0141299,0.8802693,-2.576666,-123.4153,-0.4521287,-0.1025949,-0.5270107,-0.07273957,0.8405017,19.42612,-115.9289,5.836456
26.02.2024 10:35:01,0.01677426,-0.461475,0.01403034,0.8868837,-2.447443,-125.0326,-0.5393526,-0.1077209,-0.5181101,-0.07449897,0.8452266,20.0282,-117.0968,5.849243
26.02.2024 10:35:01,0.01583961,-0.449387,0.01431591,0.8930821,-2.358898,-126.5915,-0.6499749,-0.1176352,-0.5085844,-0.06797675,0.8502253,20.6153,-118.1931,-0.241763
26.02.2024 10:35:01,0.01519303,-0.4375344,0.01419521,0.8989612,-2.2774,-128.1085,-0.7011236,-0.1271519,-0.4970207,-0.06256407,0.8560891,21.25412,-119.5593,-1.150339
26.02.2024 10:35:01,0.01472885,-0.4254598,0.01364763,0.9047546,-2.19296,-129.6429,-0.6973847,-0.1359699,-0.4847938,-0.06093946,0.8618432,22.06494,-121.0428,-1.606108
26.02.2024 10:35:01,0.0144048,-0.4132295,0.01243469,0.9104281,-2.092095,-131.1861,-0.6155959,-0.1418761,-0.4737957,-0.05971526,0.8670772,22.61508,-122.4054,-1.856968
26.02.2024 10:35:01,0.0143827,-0.4021076,0.01113744,0.9154117,-2.022336,-132.5806,-0.5058939,-0.1507038,-0.4627712,-0.05201452,0.8720239,23.11807,-123.6224,-2.941198
26.02.2024 10:35:01,0.01434921,-0.3910428,0.01004677,0.9202058,-1.963675,-133.9609,-0.4166677,-0.1639584,-0.4496203,-0.04144347,0.8770642,23.95779,-124.9596,-4.532667
26.02.2024 10:35:01,0.01355025,-0.3801458,0.009082566,0.9247827,-1.831913,-135.3143,-0.3724241,-0.1757754,-0.4355062,-0.03042252,0.8823332,24.67493,-126.4076,-6.06064
26.02.2024 10:35:01,0.01177936,-0.3693649,0.008473817,0.9291711,-1.613087,-136.648,-0.4038399,-0.1890663,-0.4208582,-0.01441234,0.8870877,25.33862,-127.7667,-8.189721
26.02.2024 10:35:01,0.008970286,-0.3590686,0.007640901,0.9332368,-1.273791,-137.9159,-0.4481479,-0.2022203,-0.4040741,-0.0001108659,0.8920937,26.15479,-129.3767,-10.07988
26.02.2024 10:35:01,0.00596605,-0.3484818,0.006361317,0.937275,-0.8948398,-139.2129,-0.4450457,-0.2078062,-0.3882344,0.0039419,0.8978169,26.72073,-131.2213,-10.44585
26.02.2024 10:35:01,0.00350129,-0.3378931,0.004939869,0.941165,-0.5688921,-140.5041,-0.3972167,-0.2022011,-0.3742537,0.001605789,0.9050118,26.39447,-133.261,-9.536263
26.02.2024 10:35:01,0.001397602,-0.326868,0.003343417,0.9450631,-0.2765882,-141.8429,-0.3097356,-0.1872766,-0.3639801,-0.004859911,0.9123719,25.19824,-135.1097,-7.805684
26.02.2024 10:35:01,-0.0006342935,-0.3151596,0.001355607,0.9490375,5.02002,-143.259,-0.1703321,-0.1687752,-0.3522653,-0.01920089,0.9203562,23.91675,-137.2666,-5.067819
26.02.2024 10:35:01,-0.004470184,-0.290824,-0.001741162,0.9567646,5.548126,-146.1852,5.041931,-0.1360077,-0.3339801,-0.08751921,0.9286009,23.12271,-141.1271,9.326233
26.02.2024 10:35:01,-0.005294295,-0.2776362,-0.002461447,0.9606686,5.661133,-147.7617,5.102539,-0.144763,-0.3271485,-0.06787985,0.9313484,23.30426,-141.5995,6.914734
26.02.2024 10:35:01,-0.005816912,-0.2644566,-0.003172792,0.9643748,5.738983,-149.3311,5.174347,-0.1450192,-0.3182616,-0.04580038,0.9357251,22.4906,-142.3704,-0.3961809
26.02.2024 10:35:01,-0.006541345,-0.2517112,-0.003957813,0.9677722,5.8396,-150.8434,5.250275,-0.1475969,-0.3048709,-0.02873392,0.9404485,22.16562,-143.7516,-2.156348
26.02.2024 10:35:01,-0.008709284,-0.2381513,-0.004303778,0.9711795,6.086761,-152.446,5.241333,-0.1479006,-0.2958512,-0.0277436,0.9433069,22.18436,-144.855,-2.109828
26.02.2024 10:35:01,-0.01047566,-0.224815,-0.003400086,0.9743392,6.257324,-154.0156,5.109772,-0.1469359,-0.2920142,-0.02298253,0.9447801,21.92181,-145.2714,-2.539389
26.02.2024 10:35:01,-0.01063988,-0.2116599,-0.002648298,0.9772819,6.25589,-155.5596,5.038513,-0.1424075,-0.2855653,-0.02302645,0.9474399,21.43912,-146.1282,-2.25275
26.02.2024 10:35:01,-0.009512717,-0.1975438,-0.003468236,0.9802418,6.147125,-157.2138,5.174286,-0.1332757,-0.2754476,-0.04163313,0.9511219,21.04895,-147.7462,5.34433
26.02.2024 10:35:02,-0.008257908,-0.182915,-0.005443339,0.983079,6.044434,-158.9238,5.440186,-0.1292333,-0.2646706,-0.05137767,0.9542581,20.89291,-149.2431,6.766418
26.02.2024 10:35:02,-0.007974118,-0.1673414,-0.006817294,0.9858432,6.031616,-160.7379,5.61734,-0.1281247,-0.2531705,-0.04947133,0.9576228,20.69043,-150.6276,6.778259
26.02.2024 10:35:02,-0.008632431,-0.1513962,-0.007360503,0.9884081,6.105499,-162.5898,5.684052,-0.1304861,-0.238791,-0.04222383,0.9613373,20.72662,-152.2558,6.122986
26.02.2024 10:35:02,-0.009146906,-0.135799,-0.006860762,0.9906704,6.145233,-164.3957,5.636658,-0.1295089,-0.2243079,-0.04041945,0.9650283,20.55078,-153.9911,6.184326
26.02.2024 10:35:02,-0.009231382,-0.1210867,-0.005664134,0.9925829,6.128662,-166.0946,5.516266,-0.1239076,-0.2084844,-0.04391881,0.9691503,19.98007,-155.98,6.985107
26.02.2024 10:35:02,-0.008931543,-0.1067684,-0.004640691,0.994233,6.074432,-167.7452,5.419525,-0.1194927,-0.1940613,-0.04129068,0.9728088,19.38953,-157.6905,7.009094
26.02.2024 10:35:02,-0.008186503,-0.09222443,-0.003400977,0.9956988,5.970062,-169.4189,5.301575,-0.1215352,-0.1814506,-0.02881218,0.9754357,19.33292,-159.0146,5.71579
26.02.2024 10:35:02,-0.006838681,-0.07670926,-0.002522658,0.9970269,5.803528,-171.2025,5.228119,-0.1263695,-0.1696556,-0.01959396,0.9771714,19.69168,-160.2661,-0.2715963
26.02.2024 10:35:02,-0.005215708,-0.06115801,-0.002854459,0.9981104,5.616577,-172.9889,5.289948,-0.131046,-0.1563731,-0.01438441,0.9788603,20.13239,-161.7462,-0.7611449
26.02.2024 10:35:02,-0.003699542,-0.04582782,-0.003922756,0.9989348,5.444092,-174.7483,5.429626,-0.1303747,-0.1427813,-0.01135663,0.9810642,20.01401,-163.3221,-0.8867029
26.02.2024 10:35:02,-0.002116678,-0.03012903,-0.004404926,0.9995341,5.25766,-176.548,5.497223,-0.1263894,-0.1292061,-0.009582967,0.9834834,19.54144,-164.9268,-0.8175371
26.02.2024 10:35:02,-0.001200867,-0.01419423,-0.004386863,0.999889,5.144714,-178.374,5.500702,-0.1234935,-0.114704,-0.009659382,0.9856465,19.2207,-166.6557,-0.5490491
26.02.2024 10:35:02,-0.001194038,0.002288358,-0.00385525,0.9999893,5.135803,179.7372,5.442108,-0.1259996,-0.09969576,-0.00982182,0.9869592,19.51724,-168.4207,-0.3394761
26.02.2024 10:35:02,-0.001569741,0.01742843,-0.003574199,0.9998406,5.172699,178.0021,5.412659,-0.1310919,-0.086189,-0.009983932,0.9875661,20.10834,-170.0017,-0.1707884
26.02.2024 10:35:02,-0.001760442,0.03210887,-0.003285721,0.9994774,5.189545,176.3193,5.382813,-0.1330493,-0.07333747,-0.005373887,0.9883778,20.29532,-171.442,-0.5281987
26.02.2024 10:35:02,-0.001442942,0.04634171,-0.002869346,0.9989205,5.149933,174.6873,5.336121,-0.134942,-0.05923705,-0.001934684,0.9890793,20.4957,-173.0468,-0.7230179
26.02.2024 10:35:02,-0.0005688447,0.06053852,-0.002751033,0.9981619,5.04599,173.0584,5.318604,-0.138294,-0.04540521,0.002462307,0.9893468,20.86774,-174.5999,-1.038324
26.02.2024 10:35:02,-0.0001181201,0.07451956,-0.003316794,0.9972141,-0.01482528,171.4528,5.380035,-0.1433718,-0.03205729,0.01190546,0.9890779,21.4303,-176.0048,-1.956291
26.02.2024 10:35:02,0.0001235667,0.08915152,-0.004367172,0.9960085,-0.05871828,169.7706,5.497192,-0.1483691,-0.01564062,0.02203042,0.9885629,22.017,-177.7548,-2.889212
26.02.2024 10:35:02,0.0008233636,0.1034906,-0.005094478,0.9946171,-0.154259,168.1202,5.570892,-0.1510423,0.003020133,0.03160996,0.9880172,22.37689,-179.785,-3.697769
26.02.2024 10:35:02,0.001653265,0.1181552,-0.005491527,0.9929786,-0.2624739,166.4299,5.602509,-0.1512536,0.02202363,0.03416546,0.9876589,22.47437,178.0072,-3.656126
26.02.2024 10:35:02,0.002031359,0.1325172,-0.005522954,0.9911633,-0.3145892,164.7712,5.596466,-0.1520503,0.04138222,0.03414774,0.9869155,22.63474,175.7095,-3.297505
26.02.2024 10:35:02,0.001772596,0.1466561,-0.005662566,0.9891698,-0.2960885,163.1349,5.612091,-0.1544543,0.05950883,0.03628927,0.9855383,22.98453,173.5961,-3.203143
26.02.2024 10:35:02,0.0005780809,0.1615551,-0.006197436,0.9868441,-0.1801042,161.4064,5.690155,-0.1562176,0.07803555,0.03311701,0.9840782,23.21777,171.3268,-2.461686
26.02.2024 10:35:02,0.0001297004,0.1763223,-0.007755381,0.984302,-0.1713273,159.6895,5.872162,-0.1587,0.09415941,0.02973014,0.9823769,23.50607,169.3309,-1.723816
26.02.2024 10:35:02,0.001228086,0.1908585,-0.009244979,0.9815733,-0.3403319,157.9963,6.013092,-0.1621213,0.1075901,0.03093272,0.9804,23.93793,167.7351,-1.561055
26.02.2024 10:35:02,0.00287164,0.2057958,-0.01002838,0.9785393,-0.5585064,156.2517,6.056885,-0.1619611,0.1219904,0.03056274,0.9787506,23.93503,165.9959,-1.230417
26.02.2024 10:35:02,0.004672561,0.2192742,-0.01010794,0.9755997,-0.7763769,154.6725,6.012756,-0.1530548,0.1346049,0.0352212,0.9783738,22.99725,164.5973,-1.669891
26.02.2024 10:35:02,0.006279487,0.2322848,-0.01047009,0.9725712,-0.9785783,153.1432,5.999939,-0.1432558,0.148278,0.04106239,0.977653,21.99487,163.0902,-2.265638
26.02.2024 10:35:02,0.007745057,0.2451053,-0.01077882,0.9694056,-1.16319,151.6313,5.980072,-0.1366641,0.1635152,0.03662611,0.9763423,21.19098,161.2127,-1.6007
26.02.2024 10:35:02,0.009273631,0.2578409,-0.01065845,0.9660841,-1.341679,150.1236,5.906219,-0.1298599,0.1783164,0.02900738,0.9749351,20.2811,159.3519,-0.6087187
26.02.2024 10:35:02,0.01144582,0.2706145,-0.010183,0.9625659,-1.578471,148.6051,5.768585,-0.1275234,0.1921203,0.0103977,0.9729951,19.60504,157.4427,6.703461
26.02.2024 10:35:02,0.01302632,0.2828999,-0.009380024,0.9590151,-1.735875,147.1382,5.608826,-0.1315674,0.2063375,-0.02156485,0.9693554,19.2511,155.2547,10.69046
26.02.2024 10:35:02,0.01356327,0.294882,-0.0089219,0.9553958,-1.78668,145.7025,5.518707,-0.1305519,0.2190464,-0.02309392,0.9666652,19.0213,153.7231,11.02542
26.02.2024 10:35:02,0.01403556,0.3074818,-0.009180438,0.9514062,-1.853995,144.1879,5.506622,-0.1287675,0.227278,-0.005537884,0.9652632,19.24518,152.9893,9.09549
26.02.2024 10:35:02,0.01376471,0.3206363,-0.009983781,0.9470497,-1.860953,142.601,5.578033,-0.1344155,0.2364557,-0.0001370766,0.9622999,19.98886,151.891,8.788788
26.02.2024 10:35:02,0.0126892,0.3335086,-0.01148631,0.9425917,-1.809875,141.0423,5.756134,-0.1373357,0.2442159,0.003030217,0.9599419,20.37579,150.9608,8.642761
